index	code	severity	small_ratio	turbo_ratio	likely_words	expected	small	turbo
560	num051	critical	0.0	0.118	zero, nine, eight, six, seven, three, four, five, po	zero nine eight six, seven three four, five six seven eight po.	0986-734-567-IPO	0-986-734-5678 po.
565	num056	critical	0.0	0.118	zero, nine, six, seven, eight, one, two, three, four, five, po	zero nine six seven, eight nine one, two three four five po.	0967-891-2345	0-967-891-2345 po.
600	num091	critical	0.0	0.118	zero, nine, four, five, six, seven, eight, one, two, po	zero nine four five, six seven eight, nine zero one two po.	0-945-678-9012.	0-945-678-9012 po.
605	num096	critical	0.0	0.118	zero, nine, six, eight, seven, five, four, three, two, one, po	zero nine six eight, seven five four, three two one zero po.	To 0968-754-321-04.	Pusira 968-754-3210 po.
540	num031	critical	0.0	0.125	zero, nine, three, one, six, seven, eight, two, po	zero nine three one, six seven eight, nine zero one two po.	0-931-678-90124	0931-678-9012 po.
575	num066	critical	0.0	0.125	zero, nine, two, four, six, eight, one, three, five, seven, po	zero nine two four, six eight one, three five seven nine po.	0-9-24-681-357-90.	0924-681-3579 po.
585	num076	critical	0.0	0.125	zero, nine, eight, seven, six, five, four, three, two, one, po	zero nine eight seven, six five four, three two one zero po.	0987 654 3210	0987-654-3210 po.
423	grt014	critical	0.154	0.0	may, i, have, your, full, name, please	may i have your full name, please?	Buy a hamper for me please.	By how performing this?
580	num071	critical	0.118	0.125	zero, nine, three, four, five, six, seven, eight, one	zero nine three four, five six seven, eight nine zero one po.	0-934-567-8901-PO	0934-567-8901 po.
595	num086	critical	0.118	0.125	zero, nine, one, two, three, four, five, six, seven, eight	zero nine one two, three four five, six seven eight nine po.	0-912-345-6789-po.	0912-345-6789 po.
1045	prd036	critical	0.19	0.182	sakto, po, ang, dating, ninyo, nag, restock, kaninang, umaga, lang	sakto po ang dating ninyo, nag restock po kami kaninang umaga lang.	Sa atopong natin nalista po kami tinig ng magbalang.	Sa ito pong natin niyo, naglasta po kami tininang umagbalang.
535	num026	critical	0.2	0.211	zero, nine, two, seven, six, four, one, three, five, po	zero nine two seven, six four one, two three four five po ang number.	0-927-641-2345 ang number.	0927-641-2345 ang number.
313	fup004	critical	0.074	0.37	kumusta, po, ang, naging, experience, ninyo, binili, ninyong, item, noong, nakaraang, linggo, sa	kumusta po ang naging experience ninyo sa binili ninyong item noong nakaraang linggo?	Kung sa komen yung X-Face niyo, sabihin din yung IT ng lakarang nalinggo.	Pusta po ang mag-experience niya, sabihin niya din yung item ng makarang linggo.
555	num046	critical	0.222	0.222	zero, nine, five, six, seven, eight, one, two, three	zero nine five six, seven eight nine, zero one two three po ito.	0956-789-0123 po ito.	0956-789-0123 po ito.
515	num006	critical	0.32	0.174	numerong, zero, nine, one, seven, eight, two, three, four, paki, check	paki check po ang numerong zero nine one seven, eight eight eight, one two three four.	Paki-check po ang number nung 0917-888-1234.	Pakicheck po ang number 0917-888-1234.
562	num053	critical	0.16	0.348	nine, thirty, pm, po, magtatapos, live, selling, session, mamayang, gabi	nine thirty pm po magtatapos ang ating live selling session mamayang gabi.	9.30 p.m. pumutatapos ang ating leave sa ating season mga maindabay.	Nainter KPM po matatapos ang ating leave saling session mamayin labe.
571	num062	critical	0.211	0.333	four, thousand, five, hundred, one, pesos, kabuuang, halaga, ngayon	four thousand five hundred one pesos po ang kabuuang halaga ngayon.	$4,501 po ang kabo ang halada mayon.	P4,501 po ang kabuang halada ngayon.
1001	prc142	critical	0.16	0.385	naka, indicate, po, rito, nabayaran, niyo, na, downpayment, one, thousand	naka indicate po rito na nabayaran niyo na yung downpayment na one thousand.	Baka, hindi kipurito na nabayaan yun ay yung down payment 21,000.	Maka-indicate po dito na nabayaan nyo na yung down payment law 1000.
545	num036	critical	0.273	0.3	zero, nine, four, seven, five, eight, six, three, two, one	zero nine four seven, five eight six, three two one zero po ang number.	0-947-586-321-0 po ang number.	0947-586-3210 po ang number.
597	num088	critical	0.0	0.6	two, thirty, pm, po, tayo, magkikita, sa, kanto, para, pickup	two thirty pm po tayo magkikita sa kanto para sa pickup.	To be fair, kita membutuhi yang bisa kita sakit untuk sepeak-peak-up.	2x30 tempo tayo magkikita sa kato para sa pickup.
528	num019	critical	0.25	0.364	twenty, five, percent, downpayment, muna, nating, i, settle, ngayon, ang	twenty five percent downpayment po muna ang kailangan nating i settle ngayon.	25% ang payment po mo na ang kailangan natin isa to niyon.	25% ang payment po muna yung kailangan natin isettle ngayon.
839	pay080	critical	0.0	0.615	pagkatapos, niyo, pong, magbayad, mag, message, lang, po, agad, kayo, sa, aming, page	pagkatapos niyo pong magbayad, mag message lang po agad kayo sa aming page.	Contacto-se por uma bairra, mas não é sessão por abertureça, ah, não entende?	Pagkatapos sila po mabayad, mag-message yan po about kayo sa aming page.
1107	prd098	critical	0.16	0.462	pare, pareho, lang, po, presyo, nila, kahit, ano, pa, pong, kulay, piliin	pare pareho lang po ang presyo nila, kahit ano pa pong kulay ang piliin.	Paribayan ang pumpes na iya, gaya itang nang papukulay ang beyan.	Pariparen ko lang po ang persa nila kahit anong pagpukulay ang bigyan.
214	dlv115	critical	0.0	0.636	ang, cut, off, po, natin, para, ma, ship, ngayon, ay, three, pm	ang cut off po natin para ma ship ngayon ay three pm.	Phone call with a Filipino customer of AIStaff.	Pag-taff po natin para ma-ship ngayon ay 3DM.
228	dlv129	critical	0.32	0.333	ipapadala, lbc, mas, sigurado, kayong, makakarating, nang, ligtas, sa	ipapadala po natin sa lbc para mas sigurado kayong makakarating nang ligtas.	Bapadala po natin sa Gid para masigulado ko yung makakahanating ng lead task.	Ipapadala po natin si Steve para masigurado kayo makakanating ng lead task.
918	prc059	critical	0.222	0.444	bale, aabot, po, lahat, one, thousand, fifty, pesos	bale aabot po lahat ng one thousand fifty pesos.	Balia, abut mo na halap ng 1,050 pesos.	Para i-aabot po ang lahat ng P1,050.
557	num048	critical	0.167	0.5	three, pm, kayo, tumawag, ulit, makuha, ang, tracking, details, ninyo	three pm po kayo tumawag ulit para makuha ang tracking details ninyo.	Taripayin po kait ang mga bulit para makuwaan lakang detayas n'yong.	Talipihin po kayo ng mga kulit para makuha ang laking details nyo.
683	obj074	critical	0.167	0.5	wag, po, kayong, mag, alangan, nagpapadala, kami, ng, litrato, i, ship	wag po kayong mag alangan, nagpapadala po kami ng litrato bago namin i ship.	Pagpukay maganahan, nadpapad nalabukami nalit na nito bago namin ishit.	Huwag po kayo mag-anahan, nagpapagdala po kami ng leta ito bago namin ishit.
779	pay020	critical	0.0	0.667	cleared, na, po, ang, inyong, account, kaya, wala, kayong, aalalahanin	cleared na po ang inyong account kaya wala na kayong aalalahanin.	Tagalog, Tagalog, Taglish, booking, price, follow up.	Tiring up ang inyong account kaya wala na kayong kaalalahanin.
871	prc012	critical	0.148	0.519	makakakuha, po, ng, kung, aabot, two, thousand, ang, bibilhin, niyo	makakakuha po kayo ng freebie kung aabot ng two thousand ang bibilhin niyo.	Baka-kaka ko kayo na freebie kong abu. Douto ba kaya sandang bibili nyo?	Maka kakuko kayo ng freebie kung aabot daw-tulit ako siya ng bibili niyo.
172	dlv073	critical	0.364	0.316	araw, nagpapadala, ng, packages, tuwing, four, kaming, pm	araw araw po kaming nagpapadala ng packages tuwing four pm.	Paaw, araw po kaming nagpapad na nang package at 3.40 PM.	Tagalog po kami na ipapadala ng packages during 4pm.
205	dlv106	critical	0.37	0.32	saang, barangay, eksakto, lokasyon, ma, pin, nang, maayos, po, ang	saang barangay po eksakto ang inyong lokasyon para ma pin natin nang maayos?	Sa ang baron ay po, exacto ang inyong location para mapin natin ang makayos.	Saan ba na ipo eksaktong inyong okasyon para mapin natin ng maayos?
525	num016	critical	0.364	0.364	zero, nine, one, five, four, three, two	zero nine one nine, five four three, two one zero nine po ang contact number.	0919-543-2109 po ang contact number.	0919-543-2109 po ang contact number.
60	cls061	critical	0.4	0.345	anuman, po, isang, malaking, karangalan, ang, paglingkuran, kayo, walang, ngayong	walang anuman po, isang malaking karangalan ang paglingkuran kayo ngayong araw na ito!	Walang anong malapos sa mga lalala ng pagdinko ngayong araw na ito.	Wala ka naman po sa malaking karunalan ng pag-dinko ng tayong mayayong araw na ito.
917	prc058	critical	0.2	0.545	kung, iisahin, niyo, two, hundred, ang, presyo, bawat, piraso	kung iisahin niyo po, two hundred ang presyo ng bawat piraso.	Kuyisahin nyo po, 200 na pressure ng bayot pedaso.	Kung isahin niyo po, tumukan mo itong presyo ng bawat pedaso.
503	grt094	critical	0.286	0.462	sigurado, akong, maihahatid, ito, wag, po, kayong, mag, alala	sigurado po akong maihahatid ito sa tamang oras, wag po kayong mag alala.	Sigurod na po ako mga yung hati dito sa tamang oras. Pagpukay mo gala-lala.	Siguro na po ako makihahati nito sa tamang oras. Huwag po kayong magalala.
117	dlv018	critical	0.333	0.417	makakaasa, po, kayong, ipapadala, agad, parcel, ninyo, namin	makakaasa po kayong ipapadala namin agad ang replacement parcel ninyo bukas.	Paka-kasap o kay, ipadod namin ni Dad ang replacement person ni Bukas.	Makakaasa po kayo iparado ng nanay ni dad ang replacement personal ni bukas.
375	fup066	critical	0.125	0.625	wag, po, kayong, mabahala, maghihintay, kami, inyong, tawag, kahit, kailan, kayo, maging	wag po kayong mabahala, maghihintay po kami sa inyong tawag kahit kailan kayo maging handa.	Mabukay mo ba hala, magiging tayo bukame sa inyan pa wad dahil jailan, tayo mo ding handa.	Huwag po kayo mabahala. Huwag hihintay po kami sa inyong pawag kahit kailan kayo mo din handa.
870	prc011	critical	0.4	0.37	swerte, nag, extend, kami, ng, hanggang, mamayang, sale	swerte po ninyo, nag extend kami ng flash sale hanggang mamayang gabi!	Shwetit po ninyo, bagay xe namin ang flash sale, handong mamay ang gabi.	Swede po ninyo, mag-i-xend. Daming yung flash sa iyo hanggang mamay ang gabi.
510	num001	critical	0.323	0.467	maaari, pakisulat, contact, zero, nine, one, seven, three, four, five, six, eight	maaari po bang pakisulat ang contact number na zero nine one seven, three four five, six seven eight nine?	Mahalay po bang pakasulat ang kontak number na 0-917-345-6789?	Maari po bang pakisulat ang contact number na 0917-345-6789?
882	prc023	critical	0.381	0.421	lang, three, hundred, babayaran, niyo, para, diyan, na	yes, three hundred na lang po ang babayaran niyo para diyan.	Yes, 300 na po ang babayanan, nyo pa na dyan.	Yes, $300 po ang babayaran nyo pala dyan.
1066	prd057	critical	0.261	0.545	kung, gusto, niyo, itong, kabilang, lang, ang, kunin, ninyo	kung gusto niyo po, itong kabilang brand na lang ang kunin ninyo.	Bungus nyo po, ito kami lang brand na nang angkunin nyo.	Pumuso niyo po, itong kamilang brand na nang aanko ninyo.
612	obj003	critical	0.174	0.636	balikan, niyo, lang, po, kami, kapag, nakapagdesisyon, tuluyang, bumili	balikan niyo lang po kami kapag nakapagdesisyon na kayong tuluyang bumili.	Paritay nilang pukomay kapad na kapad decision na kayong tuloy ang bungili.	Palitani lang po kami kapag nakapag-desisyon na kayong tuluyin bumili.
546	num037	critical	0.455	0.364	two, thousand, one, hundred, naging, kabuuang, gastos, pesos	two thousand one hundred pesos po ang naging kabuuang gastos sa materials.	2100 pesos po ang nating kabo ang Dastos sa materials.	P2,100 po ang naidin kabo ang gasto sa materials.
390	fup081	critical	0.323	0.5	tumatawag, para, kamustahin, niyo, nang, tawagan, yung, numero, kung	tumatawag ako para kamustahin kung nasubukan niyo nang tawagan yung binigay kong numero.	Tomatawa ba ako? Paano ako mustang yung kung nasubukan yun at taba akong danyong binigay kong numen o?	Tumatawag ako, paano kong mustang hindi kong nasubukan nyo na tapawagan yung binigay kong numero?
556	num047	critical	0.348	0.476	one, thousand, hundred, babayaran, para, bawat, set, pesos	one thousand one hundred pesos po ang babayaran para sa bawat set.	1,000 mon haning pesos po ang babayanan pa sa mawakset.	P1,100 po ang babayanan pa sa bawat set.
181	dlv082	critical	0.16	0.667	pwede, rin, po, kayong, gumamit, grab, express, para, mabilis, makarating	pwede rin po kayong gumamit ng grab express para mas mabilis makarating.	Koy di bing kong kayo yung tumamit ng DrabExpress pa mas pabilis makalating.	Pwede din kung kayong tumamit ng Love Express para mas mabilis makarating.
717	obj108	critical	0.37	0.462	sadyang, lang, po, nang, kaunti, makapal, telang, ginamit, ang	sadyang mas mahal lang po nang kaunti dahil mas makapal ang telang ginamit.	Sadyo mas mahal ang poh ng kawin tayo dahil mas makapalang tila ang dinamit.	Sadya mas mahal lang po ng kauntay dahil mas makapalang deadline din namit.
357	fup048	critical	0.24	0.593	wag, po, kayong, mag, alala, kayo, kukulitin, pagkatapos, nitong, tawag	wag po kayong mag alala, hindi ko na po kayo kukulitin pagkatapos nitong tawag.	Bung pukayong maglalala, hindi ko na pukayong kukulitan pagdatapos itong tawad.	Huwag po kayong maglalala. Hindi ko na po kayong kukulitin pagdatapos itong tawag.
288	eng039	critical	0.417	0.417	zero, nine, one, seven, three, four, five, six, eight	you can reach us at zero nine one seven, three four five, six seven eight nine.	You can reach us at 0917-345-6789.	You can reach us at 0917-345-6789.
317	fup008	critical	0.231	0.615	baka, po, gusto, ninyong, ituloy, na, ang, mayroon, pa, kaming, stock	baka po gusto ninyong ituloy na ang pag order habang mayroon pa kaming stock.	Pahapuks ninyo ito ay nang pag-order habang may run pahaming staff.	Paka-post yung ituloy ng pag-order habang mayroon pa kaming stock.
572	num063	critical	0.182	0.667	eight, thirty, pm, po, huling, tumatanggap, ng, mula, sa, customer	eight thirty pm po kami huling tumatanggap ng tawag mula sa customer.	Kater G-10 kami horing tumatandap na tawag malasa costumer.	Kaya i-targetin po kami huling tumatandap ng tawag mula sa customer.
300	eng051	critical	0.381	0.476	would, you, like, me, to, reserve, unit, one	would you like me to reserve one unit for you today?	With the eight meters, serve one head for you today.	We delight my to reserve 1 minute for you today.
669	obj060	critical	0.222	0.636	huwag, po, kayong, maaasahan, ninyo, na, totoo, ang, aming	huwag po kayong matakot, maaasahan ninyo na totoo ang aming sinasabi.	Pagpukayong matakot, maasahan yung atutawang ami sinasabi.	Pag po kayo matakot, maasahan niyo na totoo ang aming sinasabi.
637	obj028	critical	0.348	0.522	paumanhin, sadyang, nagtaas, lang, puhunan, kaya, ganyan	paumanhin po, sadyang nagtaas lang po talaga ng puhunan kaya ganyan.	Paamanhing po sa dyan at tasang po talaga ng pungunan tiada niyan.	Paumanhin po, sa dyan nagtaas na po talaga ng pumunang tiada niyan.
982	prc123	critical	0.435	0.435	ang, puhunan, lang, po, diyan, kalahati, ngayon, bentahan	ang puhunan lang po namin diyan ay halos kalahati ng bentahan ngayon.	Ampug ng 60 namin dyan ay halos palahati ng bentahan yun.	Pampung ng nampu namin dyan ay halos palahati ng bendahan ngayon.
377	fup068	critical	0.308	0.571	nais, ko, lang, kamustahin, ang, lagay, iyong, biniling, gamit, ng	nais ko lang kamustahin ang lagay ng iyong biniling gamit pagkatapos ng ilang buwan.	Na, AISkulaw, kamusta nilaladay ng yung binining damit pagkatapos na ilang buwan.	Nakaayos ko lang kamustahin ang laday na yung bininding damit pagkatapos ng ilang buwan.
1035	prd026	critical	0.32	0.56	oo, sobrang, ganda, quality, ng, materyales, ginamit, diyan	oo naman po, sobrang ganda ng quality ng materyales na ginamit diyan.	Pwala mo naman po, so ben dandanong parity ng materialas na dinamit dyan.	Oo naman po, so bandan na ng quality ng materiadas na dinamit dyan.
166	dlv067	critical	0.5	0.381	kapag, metro, kinabukasan, nandiyan, agad, ito, manila, lang, po, na	kapag sa metro manila lang po, kinabukasan ay nandiyan na agad ito.	Tapag sa Maito Manila lang po, dina bukasan ay nandyan na velito.	Tapag sa meto manilalampo, kinabukasan ay nandiyan naga dito.
964	prc105	critical	0.273	0.609	kapag, pina, niyo, po, ang, may, na, one, hundred	kapag pina rush niyo po ang order, may additional na one hundred.	Apag pinag rush ng pang order by additional now 100.	Pag pina-rush nyo po ang order by additional na 100,
1055	prd046	critical	0.286	0.6	pinagkaiba, lang, po, nila, yung, size, at	ang pinagkaiba lang po nila ay yung size at yung kulay.	Ang pinag-ayban ang punila ay ang sasat ang kulay.	Ang pinagkaiba ng punila ay yung sesat yung kulay.
521	num012	critical	0.476	0.421	three, thousand, eight, hundred, seventy, five, kabuuang, pesos	three thousand eight hundred seventy five pesos po ang kabuuang babayaran ninyo.	3,875 pesos po ang tabu ang babayaran ninyo.	P3,875 po ang kabuang babayaran ninyo.
887	prc028	critical	0.5	0.4	sulit, ang, ibabayad, pangmatagalan, kalidad, niyo, dahil	sulit po ang ibabayad niyo dahil pangmatagalan ang kalidad ng produkto natin.	Suwit po hibabain niyo dahil pang matagaran ng validad ng produkto natin.	Subit po kay babay nyo dahil pong matadaran ang kalignad ng produkto natin.
940	prc081	critical	0.261	0.64	wala, po, tayong, diyan, benta, palugi, natin, iyan	wala po tayong tubo diyan dahil benta palugi na po natin iyan.	Bula putain tubo dyan dahil benda pala din na punating yan.	Wala po tayong tubo dyan dahil benda pala din na po natin yan.
815	pay056	critical	0.385	0.519	i, scan, niyo, lang, qr, code, ipapadala, ko, ngayon	i scan niyo lang po ang qr code na ipapadala ko sa inyo ngayon.	Isan nilang po ang prepode na ita, padan ako sa inyo mayyan.	Isan nyo lang po ang pre-code na itapadan ako sa inyo mayroon.
459	grt050	critical	0.276	0.643	hello, ulit, si, christine, ito, pong, additional, kailangan, nating, i	hello po ulit! si christine ito, ano pong additional na kailangan nating i check?	Pero po, o let's interesting dito. Ano po condition na nakayalangan natin e-check?	Pero po ulit si Twisting ito. Ano po conditional na kailangan natin i-check?
675	obj066	critical	0.444	0.48	nauunawaan, kung, kayo, nagdududa, ngunit, libo, parokyano, na, ang	nauunawaan ko po kung bakit kayo nagdududa, ngunit libo na ang aming parokyano.	Naunawan ko po kong bakit siya na dindunda, mong nitsibon ang aming parokyan, no?	Naunawan ko po kung bakit siya nandidunda kung nitidibo ng aming parokyano.
587	num078	critical	0.462	0.462	seven, thirty, pm, uusap, ulit, tungkol	seven thirty pm po tayo mag uusap ulit tungkol sa inyong order.	7.30 p.m. po, tayo mag-boost sa ponetong ko sa inyong order.	7.30pm po tayo mag-boost na po na itong ko sa inyong order.
28	cls029	critical	0.4	0.526	two, thousand, five, hundred, total, ng, bibilhin, pesos	two thousand five hundred pesos po ang total ng inyong bibilhin.	2,500 pesos po ang totam na inyong bibezin.	P2,500 po ang total ng inyong bibirin.
591	num082	critical	0.4	0.526	five, thousand, eight, hundred, pesos, biniling, kagamitan	five thousand eight hundred pesos po ang total ng biniling kagamitan.	P5,800 po ang total ng meniling ka-damitan.	P5,800 po ang total ng biniling kalamitan.
401	fup092	critical	0.348	0.583	tumatawag, itanong, kung, pwedeng, i, reschedule, ten, am	tumatawag po ako para itanong kung pwedeng i reschedule sa ten am.	Nimatawa po ako para itan ng kong pwede niliskejo sa 10am.	Matawag po ako para itanong kung pwedeng nilischedule sa 10 E.M.
860	prc001	critical	0.583	0.348	swerte, naka, sale, ng, twenty, percent, naku, po, tayo	naku, swerte po kayo kasi naka sale po tayo ngayon ng twenty percent!	Naku, shorty po kayo kasi nakasilo po tayo ngayon na 20%.	Nako, shorty po kayo kasi nakasilipot pa ngayon na 20%.
737	obj128	critical	0.296	0.643	kung, gusto, niyo, peace, of, mind, i, cash, on, delivery, lang	kung gusto niyo po ng peace of mind, i cash on delivery na lang natin.	Kumbusi yung po ng pisa kumain, kikasyon ng liwi na nang natin.	Kung bushingo po ng peace of mind, heat action delivery na nang natin.
70	cls071	critical	0.37	0.571	kagalakan, matulungan, kayo, nawa, ay, maging, maganda, linggo	kagalakan po naming matulungan kayo, nawa ay maging maganda ang inyong buong linggo!	Tadalakan po naming matanungan tayo, na wa'y mading magandang ang inyong buong ningo.	Tatalakan po naming matulungan sa'yo na waaay mo din maganda ang inyong buong linggo.
368	fup059	critical	0.37	0.571	binabalikan, ko, mensahe, tungkol, sa, nagka, aberyang, pagpapadala, noong	binabalikan ko po ang inyong mensahe tungkol sa nagka aberyang pagpapadala noong isang araw.	Minabalitan po po ang inyong mensahitong kung sunatabili ang papakadanan ng isang araw.	Binabilitan ko po ang inyong mensahe tungkol na tabili ang papapadala ng isang araw.
511	num002	critical	0.333	0.609	two, thousand, five, hundred, total, ng, bibilhin, ninyo, ngayon, pesos	two thousand five hundred pesos po lahat ang total ng bibilhin ninyo ngayon.	2,500 pesos po lahat ang portal nang bebezining yung mayon.	P2,500 po lahat ang total ng BBC ninyo ngayon.
42	cls043	critical	0.385	0.56	bukas, nang, umaga, sisimulan, ang, pagbalot, gamit	bukas po nang umaga namin sisimulan ang pagbalot ng inyong mga gamit.	Bukos po lang ang mabanda namin, sisi mula ng pabarad ng inyong mga damit.	Bukas po lang mga baga namin sisimula ng pagbarad ng inyong mga gamit.
165	dlv066	critical	0.385	0.56	ninyong, piliin, kung, kailan, ninyo, gustong, matanggap, ang	pwede po ninyong piliin kung kailan ninyo gustong matanggap ang inyong package.	Pwede po rin yung piling ko kaila niya gusto mata ang rapang inyong package.	Pwede po rin yung piliin kung kailan niya gusto matanda pang inyong package.
115	dlv016	critical	0.308	0.64	wag, po, kayong, mag, alala, tatawag, muna, bago, diyan	wag po kayong mag alala, tatawag muna ang rider bago siya pumunta diyan.	Won't pukayong makalala. Tataw mo na ang rider babo siya pumunta jyan.	Huwag po kayo makalala. Tatawag muna ang rider bago siya pumunta dyan.
209	dlv110	critical	0.48	0.48	ipapalagay, kahon, na, fragile, ingat, ang, magdedeliver, mag	ipapalagay ko po sa kahon na fragile para mas mag ingat ang magdedeliver.	Ipapadoday ko po sa kakakuna, Fredel, para mas matingyat ang mag-deliver.	Ipapaladay ko po sa Kakona Fradel para mas magingat ang magde-deliver.
177	dlv078	critical	0.4	0.56	iiwan, lang, daw, ng, guard, ang, inyong, parcel, po	iiwan na lang daw po ng rider sa guard house ang inyong parcel.	Iwan na nanda po na rider sa Dwarth House ng Indian Parcell.	Iwan na lang dapo na rider sa drive house ng inyong parcel.
690	obj081	critical	0.296	0.667	huwag, po, kayong, mangamba, legal, rehistrado, aming, maliit, na	huwag po kayong mangamba, legal at rehistrado po ang aming maliit na negosyo.	Mabukay ang mga ba, digal at re-hestada po ang aning malit ng negosyo.	Huwag po kayong mga ba, tigal at rehestada po ang aning maliit na negosyo.
967	prc108	critical	0.3	0.667	ibabawas, po, five, hundred, galing, una, ninyong, binayaran	ibabawas po natin yung five hundred galing sa una ninyong binayaran.	Ibabawaspo natin yung 500 yadeng sa unan yung binayanan.	Ibabawas po natin yung 500 galing sa una ninyang binayanan.
989	prc130	critical	0.526	0.444	ang, nakalista, rito, three, hundred, sixty, pesos	ang nakalista po rito na bayarin ay three hundred sixty pesos.	Pagmakalista po, ito na bayarin ay 360 pesos.	Pangmakalista po dito na bayarin ay P360.
958	prc099	critical	0.4	0.571	four, hundred, seventy, five, eksaktong, halaga, pesos	four hundred seventy five pesos po ang eksaktong halaga.	475 pesos po ang exaktong halagla.	P475 po ang eksaktong halaga.
704	obj095	critical	0.435	0.538	wag, po, kayong, ire, resibo, agad, iyan, kabahan	wag po kayong kabahan sa online payment, ire resibo po namin agad iyan.	Pwumpukaw yung kabahan sa online payment, inilisi buko namin nagdadiyan.	Huwag po kayong kabahas sa online payment. Ili-receive po namin naglali yan.
666	obj057	critical	0.308	0.667	naiintindihan, pag, aalala, ngunit, sisiguraduhin, kong, maayos, makakarating	naiintindihan ko ang inyong pag aalala, ngunit sisiguraduhin kong maayos itong makakarating.	Na-entindihan ko ang inyong pagalala. Munit si Sibola din kung makayos itong makakalating.	Naintindihan ko ang inyong pag-aalala, ngunit sisiguradihin ko maayos itong makakalating.
795	pay036	critical	0.5	0.48	ang, ligtas, dahil, secured, aming, inyong	ligtas po ang inyong bank details dahil secured ang aming online portal.	Litas po inyong bank details na yung secure dung aning online portal.	Pilitas po rin yung bank details na yung secured ng aning online portal.
143	dlv044	critical	0.444	0.538	ipadala, agad, ito, via, lalamove, nagmamadali, nating	pwede po nating ipadala agad ito via lalamove kung nagmamadali po kayo.	Pwede po nating ipadalaad na dito, vayon na nang mub kung nang mamadali po kayo.	Pwede po natin ipadala ka dalito via na na-move kung nabamadali po kayo.
970	prc111	critical	0.4	0.583	fifty, percent, muna, kailangan, nating, ideposito, bago	fifty percent po muna ang kailangan nating ideposito bago natin i process.	50% po mo na ang kajangan natin di posito bako natin i-process.	50% po ang kailangan natin i-deposit ito bago natin i-process.
1092	prd083	critical	0.4	0.583	dalawang, warranty, niyan, mula, nang, bilhin, niyo	dalawang taon po ang warranty niyan mula nang bilhin niyo sa amin.	Delobong taon po ang gawad ng tingyan nula ng bidding nyo sa amin.	Dalawang taon po ang board na tingnan mula ng bilinyo sa amin.
1077	prd068	critical	0.32	0.667	po, ang, tela, nito, kumpara, doon, unang, ninyo	medyo manipis po ang tela nito kumpara doon sa unang tinanong ninyo.	Medyo manipis ko ako dahil anit ako para dawin sa unan tinanong inyo.	Medyo manipis ko ang dalanit ako para doon sa unang tinanong ninyo.
379	fup070	critical	0.345	0.643	tumatawag, batiin, kayo, at, alamin, kung, kailangan, niyo, bagong	tumatawag po ako para batiin kayo at alamin kung kailangan niyo ng bagong supply.	Tomatawag po ako para batin sa'y baka namin kukol na ngayon ng babong supply.	Pamatawag po ako para batihin siya at alamin kung kailangan niya ng babong supply.
447	grt038	critical	0.345	0.645	ko, po, ba, kayong, i, hold, nang, sandali, ma, verify, niyo	pwede ko po ba kayong i hold nang sandali para ma verify ko ang account niyo?	Pwede kong paka kaya ihold ng Sundale para maverify ko ang account ninyo.	Pwede ko pa kayang i-hold ng sundali para ma-verify ko ang account nyo.
133	dlv034	critical	0.364	0.636	na, bukas, din, matatanggap, niyo, ang, inyong	bukas na bukas din po ay matatanggap niyo na ang inyong parcel!	Bukas ang kasin po, ay matatandap niya nangin yung parcel.	Bukas-bukas din po ay matatanggap nyo nangin yung parcel.
665	obj056	critical	0.462	0.538	wag, kayong, mag, alala, one, hundred, percent, ibinebenta	wag kayong mag alala, one hundred percent authentic po itong ibinebenta namin sa inyo.	Okay mo talala, 100% authentic po itong ibe-benta namin sa inyo.	Huwag kayong mong dalala, 100% authentic po itong ibibenta namin sa inyo.
311	fup002	critical	0.444	0.56	niyo, pa, rin, hello, nagbabasakali, kinowt, kanina, yung	hello po, nagbabasakali lang kung kailangan niyo pa rin yung kinowt namin kanina.	Helo po, nabababak sa kalig lang kung kailangan yung paing yung kinawag namin danina.	Hello po, nababasakali lang kung kailangan nyo pa inyong kinawag namin, Danina.
471	grt062	critical	0.387	0.625	magandang, araw, pagpili, sa, aming, shop, po, ba, kayong, ipapa, follow	magandang araw! salamat sa pagpili sa aming shop, may order po ba kayong ipapa follow up?	Uden dahara ako, salamat sa pagpinisa amin siya. May order ko bakit ipapap-follow up.	Ulan ng araw, salamat sa pagpili sa amin siya. May order ko ba kayong ipapafollow up?
980	prc121	critical	0.37	0.643	iche, check, kung, magkano, ang, inabot, pinagsama, samang, niyo, ko	iche check ko muna kung magkano na ang inabot ng pinagsama samang order niyo.	Isu-chat ko muna kumaganon na naminabot ng pinaisama sa mga order nyo.	Isi-check mo muna kung magano na ang inabot ng pinaysama-samang order nyo.
1007	prc148	critical	0.37	0.643	babawasan, ko, lang, po, ng, bente, matagal, kayong, naghintay	babawasan ko na lang po ng bente pesos dahil medyo matagal po kayong naghintay.	Malbawasan po na nangpunang 20 pesos dahil medyo matadal po kayo na ikintay.	Mabawasan ito na lang po ng 20 pesos dahil medyo matadal po kayong nagkintay.
152	dlv053	critical	0.552	0.462	oo, naman, kayong, delivery, mabilis, same, day	oo naman po, pwede kayong mag request ng same day delivery para mabilis!	O halang po, pwede kayo mag-request ng same day to the week para mag-bedes.	Puanan po, pwede kayo mag-request ng Send Data TV para magbe-desk.
487	grt078	critical	0.444	0.571	ay, naputol, ang, tawag, kanina, tayo, huminto	ay, sorry po naputol ang tawag natin kanina. saan po ba tayo huminto?	AIS, sorry po na puto na paawag natin jalina. Saan po ba tayong minto?	Ay, sorry po na po to ang pawag natin, Janina. Saan po ba tayong minto?
127	dlv028	critical	0.455	0.56	wag, po, kayong, mag, alala, babalik, wala, kayo	wag po kayong mag alala, babalik ang rider bukas kung wala kayo ngayon.	Magpukay magalala. Mabalik ang rider bukas kung malakayong ngayon.	Huwag po kayong magalala. Mabalik ang rider bukas kung mala kayong ngayon.
319	fup010	critical	0.4	0.615	tumatawag, po, i, reschedule, ang, napag, usapang, kahapon	tumatawag po ako para i reschedule ang ating napag usapang delivery date kahapon.	Tomatawap ako para in-schedule ng ating napangbusap ng delivery date kahapun.	Kamatawa po ako para ina-schedule ng ating napag-usapan delivery date kahapon.
797	pay038	critical	0.4	0.615	aasikasuhin, agad, ang, inyong, refund, request, maghintay	aasikasuhin ko po agad ang inyong refund request para hindi kayo maghintay.	Asi taswing ko po abadangin yung B-Fundway, pues para hindi kayo magintay.	As it, tasuyin ko po abad na inyong BFAN Request para hindi kayo maghintay.
631	obj022	critical	0.48	0.538	paumanhin, naiintindihan, ninyo, pag, isipang, mabuti, kailangan, muna	paumanhin, naiintindihan ko po na kailangan ninyo muna itong pag isipang mabuti.	Paomanhint, na hentindihan ko po na kailangan yung yung muna itong patisipang mabute.	Pauman hint, naiintindihan ko po ang nakailangan, hindi mo na itong pag-isipan mabuti.
816	pay057	critical	0.435	0.583	bale, two, thousand, five, hundred, ninyong, i, transfer	bale two thousand five hundred po ang kailangan ninyong i transfer sa amin.	Madig 2,500 po ang kailangan yung itransfer sa amin.	Mali 2,500 po ang kailangan niyong i-transfer sa amin.
370	fup061	critical	0.519	0.5	ko, lang, pong, itanong, kung, tuloy, miting, nais	nais ko lang pong itanong kung tuloy pa rin po ang ating miting bukas.	Nais palang po kita ng puntulay pa rin po ang ating meeting bukas.	Naayos pa lang po ito nang puntuloy pa rin po ang ating meeting bukas.
713	obj104	critical	0.462	0.56	legit, na, wag, kayong, mag, transact	legit na legit po kami, kaya wag po kayong matakot mag transact ngayon.	Bidita n'Nigit po kami, kaya wang po kayo matakot mo transak ngayon.	Didita ni Jake po kami, kaya huwag po kayong matakot magtransact ngayon.
938	prc079	critical	0.333	0.696	huling, presyo, na, binigay, diyan, ay, three, hundred	ang huling presyo na binigay sa amin para diyan ay three hundred.	Ang honing price mo nabinigay sa amin para Jan 8th of 800.	Ang honing presyo na binigay sa amin para dyan ay 300.
547	num038	critical	0.364	0.667	four, pm, po, malapit, main, entrance, building	four pm po tayo magkita malapit sa main entrance ng building.	4 people tayo magkita maglapit sa May and Trance ng Bayadin.	4 people tayo magkita malapit sa main entrance ng balading.
596	num087	critical	0.364	0.667	eight, forty, pesos, eksaktong, halaga, ng, inorder	eight forty pesos po ang eksaktong halaga ng inorder ninyong item.	Page 40 pesas po ang exaktong kanadanang in-order ninyong item.	P840 po ang eksaktong halaga ng in-order ninyong item.
662	obj053	critical	0.364	0.667	makikita, ang, pagkakaiba, produkto, hinawakan, ninyo, ito	makikita ninyo ang pagkakaiba ng aming produkto kapag hinawakan ninyo ito.	Makatitay ninyo kong pagdakaiba ng aming produk ko kapag sinawakan dito.	Makikita niyo ang pagkakaiba ng aming produkto kapag sinawakan nito.
171	dlv072	critical	0.37	0.667	kayo, magbabayad, fee, direkta, sa, mismong, lalamove	kayo po ang magbabayad ng shipping fee direkta sa mismong lalamove rider.	Sayo po ang mababa'y ng shipping, feed direct, as ang ispong lalam of rider.	Kaya po ang mababayad ng shipping fee direta sa mismong lalamog rider.
352	fup043	critical	0.323	0.714	kaya, kailan, magkakaroon, ng, libreng, oras, mapag, natin, ulit	kailan po kaya kayo magkakaroon ng libreng oras para mapag usapan natin ito ulit?	Tayo yung po kayo ay mga mga nalibay ko, Ras, para mag-usapan na rin ito ilet.	Kailan po kayo matakaroon ng libing oras para mapag-usapan na rin ito ulit.
811	pay052	critical	0.455	0.583	po, ang, ibabayad, niyo, kalahati, sa, katapusan	kalahati po muna ang ibabayad niyo tapos yung kalahati ay sa katapusan.	Kalahati pang muna ay babayrio tapos yung palahati ay sapataposan.	Palahati po muna ay babayad yung tapos yung palahati ay sa katapusan.
824	pay065	critical	0.455	0.583	kung, gusto, niyo, po, ay, i, bank, halaga, lang	kung gusto niyo po ay i bank transfer na lang ang buong halaga.	Musi pa ibang transfer na lang ang buong halada.	Kung bushi po ay ibang transfer na nang ang buong halada.
483	grt074	critical	0.444	0.6	huwag, po, kayong, mag, panic, bahalang, track, niyo	huwag po kayong mag panic, ako na po ang bahalang mag track ng package niyo.	Magpukoy ang panit. Ako na po ang bahara magdak ng package nyo.	Huwag po kayo magpanit. Ako na po ang baha na mag-dock ng package nyo.
723	obj114	critical	0.385	0.667	huwag, ninyong, isipin, na, scam, nagbabayad, buwis, taon	huwag ninyong isipin na scam ito, nagbabayad po kami ng tamang buwis taon taon.	Pong new isipinas kami ito, nalbabahit po kami ng tamang buwistakon-takon.	Huwag niyo isipin na si Kami ito na babayad po kami ng tamang buwis taong taon.
90	cls091	critical	0.414	0.643	malugod, nagpapasalamat, pagtangkilik, hanggang, sa, muli, nating, uusap	malugod po kaming nagpapasalamat sa inyong pagtangkilik, hanggang sa muli nating pag uusap bukas!	Manugot po kaming nadbapasalamat sa inyong pood ng kilit. Anong samarin natin pag usap bukas.	Manugot po kaming nagpapasalamat sa inyong Puntang Kilit. Hanggang samari natin pag-uusap bukas.
1109	prd100	critical	0.519	0.538	pong, ma, restock, customs, ang, produkto, delay, kasi	pwede pong ma delay ang restock kasi naipit sa customs ang mga produkto.	Pwede po ng delay ang resta kasi naipit sa costum sa mga produk po.	Pwede pong mandalay ang resta kasing naipit sa costumes ang mga product po.
1004	prc145	critical	0.444	0.615	kapag, inalis, magiging, three, thousand, babayaran, niyo, ko	kapag inalis ko po ito, magiging three thousand na lang ang babayaran niyo.	Tapad inales ko po ito, mo daging 3,000 na lang ang baobayalan nyo.	Kapag inalis mo po ito, magiging 3,000 na lang ang bakabayaran nyo.
864	prc005	critical	0.455	0.609	makakatipid, five, hundred, kapag, kinuha, niyo, ang	makakatipid po kayo ng five hundred kapag kinuha niyo ang buong set.	Makakatipin po kayo ng 500 apang kinuan yung buong set.	Makakatipin po kayo ng 500 pag kinuha nyo ang buong set.
75	cls076	critical	0.357	0.714	taos, po, nagpapasalamat, nawa, kayo, ating, maykapal, ngayon	taos puso po kaming nagpapasalamat, pagpalain po nawa kayo ng ating maykapal ngayon!	Tawas puso ko kaming natpapasanamat. Pagpalain po na waka yan ng hateng baita pa yun.	Tapos puso po kaming nagpapasalamat. Pagpalain po na ko kayo ng ating bite up ngayon.
84	cls085	critical	0.5	0.571	po, maraming, pang, ingat, kayo, palagi, diyan, unawa	maraming salamat po sa inyong pang unawa at pasensya, ingat po kayo palagi diyan!	Manami salamat sa inyong pag-unawa at pasensya. Dinyat po kaya pala di dyan.	Maraming salamat po sa inyong pangunawa at pasensya. Linyat po kaya pala di dyan.
1026	prd017	critical	0.571	0.5	puro, small, lang, ang, natira, na	sorry po, puro small na lang ang natira sa inventory namin.	Sorry po, pulse mo na nanghang natila sa inventory namin.	Sorry po, Pulse muna nangang natila sa inventory namin.
808	pay049	critical	0.429	0.643	paki, account, name, ninyo, i, send, ang, pera	paki check po kung tama ang account name bago ninyo i send ang pera.	Sa-check po kung tama ang akon na yung bago nangyari saan ng pere.	Pag-check po kung tama ang account na yung bago ninyo isend ng pera.
508	grt099	critical	0.364	0.71	magandang, umaga, po, ulit, salamat, pagtawag, pabalik, niyo	magandang umaga po ulit! salamat po sa pagtawag pabalik para i confirm ang order niyo.	Bua ganda kong mag-apulik sa nangapos sa pag-tawag, pag-balay para i-confirm ang order nyo.	Mabandang umaga po ulit sa langat po sa pagtawag, pabalit para i-confirm ang order nyo.
113	dlv014	critical	0.483	0.593	paumanhin, ngunit, kailangan, po, nating, i, reschedule, ang, ng	paumanhin po, ngunit kailangan po nating i reschedule ang delivery para bukas ng hapon.	Kaw manhingpok, monitid yang ang po na tinggi liste ang delivery para bukas ng hapon.	Pumanhing po, ngunit kailangan po natin ilustredo ng delivery para bukas na hapon.
229	dlv130	critical	0.385	0.692	bago, po, ipa, book, paki, muna, ang, eksaktong, kahon, confirm	bago po natin ipa book, paki confirm muna ang eksaktong sukat ng inyong kahon.	Babupon natin ipabok, bakay confirm mo na exactong sukat ng inyong pahon.	Bago po natin ipabook, pakiconfirm muna ang eksaktong sukat ng inyong pahon.
661	obj052	critical	0.385	0.692	okay, pag, isipan, niyo, munang, mabuti, maghinayang, huli	okay po, pag isipan niyo munang mabuti para hindi kayo maghinayang sa huli.	Pocay po, pagdisipan yung muna mabute para hindi kayo imagina'in sa hore.	Okay po, pag-isipan nyo muna mabuti para hindi kayo maghinayin sa kulay.
720	obj111	critical	0.385	0.692	walang, problema, kung, kailangan, ninyong, magtanong, mga, kasama	walang problema kung kailangan ninyong magtanong muna sa inyong mga kasama sa bahay.	Wala mo ba'y makupaidangan yung utanong muna sa inyong manakasama sa bahay.	Wala problema kung paidangan, yung mutanong muna sa inyong mga kasama sa bahay.
728	obj119	critical	0.462	0.615	mura, sa, kabila, garantisado, namang, tatagal, itong, yung	kahit mas mura yung sa kabila, garantisado namang tatagal itong sa aming shop.	Kahit mas mula yung sakabila, darang tisadan ang magtapadwalit ang sa aming shop.	Kahit mas mura yun sa kabila, darantisan na magtapadla dito sa aming shop.
695	obj086	critical	0.414	0.667	alam, pong, nag, aalinlangan, kayo, andito, mag, paliwanag	alam ko pong nag aalinlangan kayo sa ngayon, kaya andito ako para mag paliwanag.	Palam ko po medaaling lang ang kaya sa ngayon. Kaya ang dito ako para mapaliwanad.	Alam ko pong madali naman kaya sa ngayon, kaya andito ako para mapaliwanan.
991	prc132	critical	0.522	0.56	ise, send, ko, quotation, email, ninyo, pagkatapos	ise send ko po yung official quotation sa email ninyo pagkatapos ng tawag.	Isento po yung official rotation sa menu potatapos ng tawag.	I-send po yung official notation sa e-menu patatapos ng tawag.
31	cls032	critical	0.438	0.645	iche, muna, nila, nang, maigi, bago, tuluyang, kahon	iche check po muna nila nang maigi ang bawat item bago tuluyang ipasok sa kahon.	It's a check po mo na nilandong may day ang bawat item babutunway ipasok sa kakon.	I-check po muna nila ng my idea ang bawat item bago tuloy ipasok sa kakon.
244	dlv145	critical	0.5	0.583	papunta, ang, aming, sariling, ihatid	papunta na po ang aming sariling driver para ihatid ang inyong binili.	Bapunta na po kami sa iling driver para ihatil ng inyong binili.	Papunta na po kami sa leading driver para ihate ng inyong binili.
532	num023	critical	0.5	0.583	twelve, thirty, po, mag, uusap, stockroom, pm	twelve thirty pm po mag uusap ang ating mga tauhan sa stockroom.	Yon 30 PM, pumag-usap ang ating mga tauhan sa stock room.	Log 30PM po mag-usap ang ating mga tauhan sa Stock Room.
854	pay095	critical	0.5	0.583	maaari, ninyong, ipadala, anumang, pera, padala, sa	maaari po ninyong ipadala sa anumang pera padala na malapit sa inyo.	Naari po nil ipandalas sa anang pere pandalan na malapit sa inyo.	Maaari po nyo ipandala saan namang pera-pandala na malapit sa inyo.
802	pay043	critical	0.417	0.667	natitirang, balanse, po, babayaran, ninyo, ng, gamit	ang natitirang balanse po ay babayaran ninyo pagdating ng inyong mga gamit.	Ang matitirang barang sipo ay babayanan nyo pagdating ang inyong mga damit.	Ang matitirang balansi po ay babayanan ninyo pagdating ng inyong mga damit.
287	eng038	critical	0.48	0.609	eight, am, until, five, pm	our business hours are from eight am until five pm daily.	Our business hours are from 8 a.m. on to 5 p.m. daily.	Our business hours are from 8 a.m. until 5 yen daily.
542	num033	critical	0.545	0.545	ten, thirty, magbubukas, pinakamalapit, naming, am, po	ten thirty am po magbubukas ang pinakamalapit naming branch sa inyo.	10.30 am po, magbumukas ang pinakamalapid namin branch sa inyo.	Then, 30 a.m. magbubukas ang pinakamalapid naming branch sa inyo.
222	dlv123	critical	0.455	0.636	hihingi, po, ako, ng, logistics, team, mamayang	hihingi po ako ng update sa aming logistics team mamayang hapon.	Hindi pa ko na update sa aming logistic steam mamayang hapon.	Hindi pa ako na-update sa aming logistics team mamaya hapon.
765	pay006	critical	0.5	0.593	isesend, na, ang, qr, niyo, i, scan, madali	sige po, isesend ko na ang aming qr code para madali niyo i scan.	Sige po, isasend ko nang aming prayer code pa para madali nyo is fan.	Sige po, isasend ko na ang aming prayer code para madaling nyo iscan.
805	pay046	critical	0.4	0.696	maaari, po, ninyong, ipadala, ang, bayad, opisyal	maaari po ninyong ipadala ang bayad sa aming opisyal na bank account.	Makaripuhin yung hipad na lang buy at sa aming official na bank account.	Maaari po hiniyong ipadalang bayad sa aming official na bank account.
124	dlv025	critical	0.538	0.56	sigurado, pong, tatawag, team, kapag, ninyo, ang	sigurado pong tatawag ang logistics team kapag malapit na sila sa bahay ninyo.	Sigurada pang tataw ang logistics din pag malapit na sila sa bahay nyo.	Sigurada pong tatawang logistics dito pag malapit na sila sa bahay nyo.
218	dlv119	critical	0.385	0.714	byahe, ng, barko, ay, tuwing, biyernes, lamang, probinsya	ang byahe po ng barko ay tuwing biyernes lamang para sa probinsya ninyo.	Ang viahe po na bar ko at wingbeariness damang para sa Provencia ninyo.	Ang biyahe po ng barko ay tuwing viyan nila sa damang para sa probinsya ninyo.
776	pay017	critical	0.435	0.667	kumpleto, na, ang, inyong, hulog, para, buwang	magandang balita po, kumpleto na ang inyong hulog para sa buwang ito.	Magandang balita po, kompieto lang yung log ba sa buwong ito.	Magandang balita po kung pwede lang inyong log para sa buwang ito.
170	dlv071	critical	0.522	0.583	we, partnered, with, lbc, visayas, region	we partnered with lbc to ensure faster shipping to the visayas region.	Department will only to ensure faster shipping to the desayas pigeon.	Depart your mid-only to ensure faster shipping to the desired region.
601	num092	critical	0.583	0.526	three, po, kabuuang, sukli, two, thousand, hundred, pesos	two thousand three hundred pesos po ang inyong kabuuang sukli ngayon.	Two-thousand-to-four-hundred pesos pa ang inyong pabu ang sukhwe ngayon.	P2,300 po ang inyong kabuang sukli ngayon.
985	prc126	critical	0.4	0.714	nakuha, niyo, iyan, murang, halaga, nung, nakaraang, lingo	nakuha niyo po iyan sa mas murang halaga dahil sa promo nung nakaraang lingo.	Nakukahan niya po yan sa mas muna ang haladad dahil sa promo ng nakara ng lingko.	Nakuha niyo po yan sa mas murang haradad dahil sa promo ng nakaraang linggo.
878	prc019	critical	0.545	0.571	gives, our, weekend, twenty, percent, off	our weekend sale gives you twenty percent off all regular items!	By reaching sale, you should 20% off all the regular items.	By reaching sale, gives you 20% of all regular items.
833	pay074	critical	0.48	0.64	gumana, ang, gcash, nating, gamitin	kung hindi po gumana ang gcash, subukan po nating gamitin ang maya.	Kung hindi po gamanan, G-tash, subukan po natin dami din na Maya.	Kung hindi po kumada ang Gtash, subukan po natin gamit din ang Maya.
367	fup058	critical	0.429	0.692	sakali, pong, kayo, niyo, akong, tawagan, anumang	sakali pong may concern kayo sa items, pwede niyo akong tawagan anumang oras.	Sa halibong may concern there sa items, pwede nyo kung tavaran na nang mong oras.	Sakali po may concern riyo sa items, pwede nyo akong tawaran anumang oras.
752	obj143	critical	0.5	0.621	wag, po, kayong, mag, alala, marami, kaming, natulungan	wag po kayong mag alala, marami na kaming natulungan na may parehong problema sa inyo.	Kumpukay mo talala, maramin na halina-tulungan na may parehong problema sa inyo.	Huwag po kayong matalala. Maraming na kanina tulungan na may parehong problema sa inyo.
310	fup001	critical	0.48	0.643	napag, isipan, niyo, na, yung, tungkol, inalok, ko	napag isipan niyo na po ba yung tungkol sa inalok ko sa inyong item?	Napadisipan nila po ba antong po sa inaloko sa inyong item?	Napag-disipan nyo na po ba itong po sa inalo ko sa inyong item?
539	num030	critical	0.526	0.6	twenty, six, po, ang, kasalukuyang	twenty twenty six po ang kasalukuyang taon ng ating operasyon ngayon.	2026, buwakong pasalukuyong taon ng ating operasyon ngayon.	2026 po akong pasalukuhin taon ng ating operasyon ngayon.
590	num081	critical	0.526	0.6	seven, hundred, ibinigay, amin, kanina, reference	reference number seven hundred po ang ibinigay sa amin kanina.	Reference number 700 po ang nabinigay sa aming ganina.	My friends number 700 po ang ibinigay sa amin ganina.
240	dlv141	critical	0.609	0.522	isasama, mapa, ng, inyong, maligaw, sila	isasama ko po ang mapa ng inyong bahay para hindi sila maligaw.	Sasama ko po ang mapanain ang bahay para hindi sila malidaw.	Sasama ko po ang mapanain yung bahay para hindi silang malidaw.
659	obj050	critical	0.435	0.696	hihintayin, kung, kailan, ninyo, gustong, umorder	hihintayin ko po ang inyong tawag kung kailan ninyo gustong umorder.	Kisintayin ko po ang inyong tawag kong kaisan niyo gusto ng order.	Kihintayin ko po ang inyong tawag kung kailan ninyo gusto ang order.
1103	prd094	critical	0.538	0.593	pong, medium, gusto, niyo, yung, freesize	kung wala pong medium, baka gusto niyo po i try yung freesize namin?	Kung wala po medyong baka buxier po i-try ang free size namin.	Kung wala po medyo, baka mas sheer po, i-try yung free size namin.
85	cls086	critical	0.444	0.692	maraming, napakagandang, transaksyon, nawa, ay, masiyahan, kayo	maraming salamat sa napakagandang transaksyon natin, nawa ay masiyahan kayo sa inyong binili!	Marami salamat sa napakadandan transasyon natin na why mas yahan tayo sa inyong binili.	Maraming salamat sa napakadandang transaksyon natin na waay masiyahan tayo sa inyong binili.
740	obj131	critical	0.444	0.692	tayo, manloloko, mag, alala, sa, inyong, idedeposito, wag, kayong	hindi po tayo manloloko, kaya wag po kayong mag alala sa inyong idedeposito.	Hindi po tayong manano ko, kaya wag po kayong magalalasa in yung idadi posito.	Hindi po tayo mananoko, kaya huwag po kayo mag-alala sa inyong idadeposito.
65	cls066	critical	0.5	0.64	lubos, kaming, nagpapasalamat, pagbili, magandang, araw	lubos po kaming nagpapasalamat sa inyong pagbili, magandang araw po sa inyo!	Lubus po kaminan, papasalamat sa inyong pabilik. Madendang hara po sa inyo.	Lubos po kami ng papasalamat sa inyong pabili. Magandang harap po sa inyo.
753	obj144	critical	0.5	0.64	ipapaubaya, ko, pagpapasya, kong, alam, ninyo, ang	ipapaubaya ko sa inyo ang pagpapasya dahil alam kong alam ninyo ang tama.	Papabay ako sa inyo ang pod baka siya dahil alam kung alan nyo ang tama.	Ipapaubay ako sa inyo ang pagpapasya dahil alam kung alam yun tama.
821	pay062	critical	0.5	0.64	kapag, gamit, real, po, bayad, ninyo, maya	kapag maya po ang gamit, real time po pumapasok ang bayad ninyo.	Tapag maya po ang damit, well time pa pumapasok ang buying nyo.	Tapag mayar po ang gamit, we are time po pumapasok ang buy ninyo.
973	prc114	critical	0.5	0.64	nakadepende, po, layo, address, babayaran, courier	nakadepende po talaga sa layo ng inyong address ang babayaran sa courier.	Naka-dependipong talaga sa laya ng inyong adres ang babayalan sa career.	Naka-depende pong talaga sa laya ng inyong adres ang babayaran sa courier.
937	prc078	critical	0.5	0.643	kapag, umorder, ng, higit, sampu, wholesale, rate, kayo	kapag umorder po kayo ng higit sa sampu, bibigyan ko kayo ng wholesale rate.	Tapag umoder po kayo na naihidit sa sampo, bibigyan ko kayo ng full-serie.	Kapag umorder po kayo ng hijit sa sampo, bibigyan ko kaya ng full salary.
201	dlv102	critical	0.48	0.667	po, ipapadala, ng, resibo, mula, courier, ko	ipapadala ko po sa messenger ang screenshot ng resibo mula sa courier.	Ipapagdala ko sa Messenger ang screenshot na na-received mo la sa career.	Ipapadal ako po sa messenger ang screenshot na narecebo mula sa courier.
702	obj093	critical	0.48	0.667	nakatitiyak, ako, magugustuhan, produktong, napili, ninyo	nakatitiyak ako na magugustuhan din ng inyong asawa ang produktong napili ninyo.	Dahat iti akakon na mabubustong din ng inyong asawa ang produkong napihingin nyo.	Takatitiyak ako na magbubustuhan din ng inyong asawa ang produktong napihingin nyo.
979	prc120	critical	0.48	0.667	bale, twenty, lang, nadagdag, kaya, masyadong	bale twenty pesos lang naman po ang nadagdag kaya hindi masyadong mabigat.	Bari 20 pesos na naman po ang nadalidad paya hindi mas hardong mabigat.	Mali 20 pesos na naman po ang madalidad kaya hindi masyadong mabigat.
598	num089	critical	0.455	0.696	eighteen, po, ng, ating, kliyente, rizal, inorder	eighteen pieces po ang inorder ng ating suking kliyente sa rizal.	Dating pieces to ang inorder na hatin suking cliente sa bisal.	18 pieces po ang in-order ng ating suking kliyentes sa Rizal.
399	fup090	critical	0.552	0.6	nais, ko, pong, nasaan, ang, ipinangako, ninyong, na	nais ko lang pong i follow up kung nasaan na ang ipinangako ninyong feedback form.	Naiso lang pang i-follow up kung mahasan na napinano akong yung feedback form.	Naayos ko lang pong i-follow up kung masahanan, ipignan ako nun yung feedback form.
226	dlv127	critical	0.538	0.615	po, aming, opisina, gustong, mag, pick, up, ang, para	bukas po ang aming opisina para sa mga gustong mag pick up ng order.	Bukas pa kami ang bisinat para sa mga gusto mabikap ng order.	Bukas po kami abisina pa sa mga gustong mag pickup ng order.
451	grt042	critical	0.538	0.615	maaari, ng, ilang, saglit, kinukuha, impormasyon	maaari po bang maghintay ng ilang saglit habang kinukuha ko ang inyong impormasyon?	Paali po bang maghintay na nilang secret habang kinukawa ko ang inyong informasyon?	Maari po bang maghintay na nilang sagret habang kinukuha ko ang inyong informasyon?
653	obj044	critical	0.545	0.609	ilalagay, cart, ninyo, makalimutan, mamaya	ilalagay ko muna sa inyong cart para hindi ninyo makalimutan mamaya.	Zalagay ko muna sa inyong park para hindi niya makahingyuntan namaya.	Isalagay ko muna sa inyong car para hindi ninyo makahingutan na maya.
934	prc075	critical	0.571	0.593	kasama, presyong, taon, warranty, ng, iyan	kasama na po sa presyong iyan ang isang taon na warranty ng produkto.	Pasama na po sa price ang iyan ang isang tao na waran din ang produkto.	Kasama na po sa presyon niyan ang isang tao na waran din ang produkto.
536	num027	critical	0.583	0.583	four, fifty, pesos, singil, express, shipping, dagdag	four fifty pesos po ang dagdag na singil para sa express shipping natin.	$4.50 po ang dagdag na sinyal para sa expershiping natin.	P450 po ang dadad na sinyal para sa extra shipping natin.
696	obj087	critical	0.5	0.667	maniwala, ginhawa, maibibigay, nito, pamilya	maniwala po kayo, malaking ginhawa ang maibibigay nito sa inyong pamilya.	Maniwana po kayo, malaking din hawa ang may bibigay nita sa inyong paniyah.	Maniwan na po kayo. Malaking ginihawa ang may bibigay nito sa inyong pamilya.
237	dlv138	critical	0.48	0.696	loob, subdivision, ang, address, na, ninyo	kasama po ba sa loob ng subdivision ang address na binigay ninyo?	Kasama po ba sa lob na ang sub-division ng AIStaff binigay nyo?	Kasama po ba sa lockdown subdivision ng address na binigay nyo?
469	grt060	critical	0.48	0.696	hello, si, sarah, pala, tumulong, katanungan, po	hello po! si sarah pala ito, handang tumulong sa inyong mga katanungan.	Pero po ang sasara para ito, handang tumubyong sa inyong mga katanong man.	Pilopo si Sarah para ito, handang tumulong sa inyong mga katanuman.
576	num067	critical	0.476	0.7	three, twenty, pesos, ipapadala, ninyong, gcash	three twenty pesos po ang ipapadala ninyong bayad sa aming gcash.	$3.20 po ang ipapadahan yung bayad sa aming Zcash.	P320 po ang ipapadala niyang bayad sa aming GCash.
735	obj126	critical	0.462	0.714	huwag, kayong, mag, alala, kung, nakaranas, kayo, noong, ng	huwag kayong mag alala kung nakaranas kayo ng palpak na order noong mga nakaraan.	Popay ang mga lalakong nakaranaskin ng palpak na order ng mga nakaraan.	Huwag kayong mag-alala kung nakaraan na skinning palpak na order ng mga nakaraan.
405	fup096	critical	0.533	0.643	itanong, naibigay, ninyo, na, ang, flyers, nais, ko, kaibigan	nais ko lang itanong kung naibigay ninyo na sa inyong kaibigan ang aming flyers.	Nais ko lang yung tanong kung nai-biga yung inyo sa inyong kaibigan ng aming fires.	Naayos pa lang italong kung naibigay ninyo na sa inyong kaibigyan ng aming flyers.
149	dlv050	critical	0.538	0.64	aasikasuhin, ko, maipadala, ang, ninyo	aasikasuhin ko po agad para maipadala natin ang order ninyo mamayang gabi.	Asi kasi ninto po agad para may padalan natin ng order niyo mamayang gabi.	Asikasin ko po agad para may pagdala natin ng order nyo mamayang gabi.
242	dlv143	critical	0.538	0.64	ang, magti, text, inyo, ng, eksaktong	yung delivery partner po natin ang magti text sa inyo ng eksaktong amount.	Yung delivery partner po natin na mag-detect sa inya na exacto amount.	yung delivery partner po natin na magdetect sa inya ng exact amount.
493	grt084	critical	0.467	0.714	hello, po, si, tricia, maitutulong, ko, niyo	hello po, magandang araw! si tricia po ito, anong maitutulong ko sa order niyo?	Helo kong magandang araw. Sitwi siya po ito. Anong ay dito mo po sa order nyo?	Hello po, magandang araw. Sa Trisha po ito. Anong maituturo ko sa order nyo?
551	num042	critical	0.636	0.545	three, thousand, fifty, pesos, sisingilin, ng	three thousand fifty pesos po ang sisingilin ng rider sa inyong pinto.	$3,050 po ang sisigin ng rider sa inyong pinto.	P3,050 po ang sisingiling na rider sa inyong pinto.
604	num095	critical	0.545	0.636	august, twenty, eight, date, ngayon	august twenty eight po ang tamang date ngayon sa ating sistema.	Pocus na di po ang tamang dating niyan sa ating sistema.	Focus 28 po ang tamang date niya yan sa ating sistema.
946	prc087	critical	0.545	0.636	one, thousand, eight, hundred, nakikita, total	one thousand eight hundred po ang nakikita kong total dito sa system.	1,800 po ang naritita kong portal dito sa system.	1,800 po ang nakitita kong total dito sa system.
340	fup031	critical	0.516	0.667	sakali, pong, kayong, nangangailangan, produkto, irekomenda, niyo	sakali pong may kakilala kayong nangangailangan ng aming produkto, baka pwede niyo kaming irekomenda.	Sa halip po may kakilala kayo na nangaylangan ng aming produk po, baka pwede niyo kaming irikomenda.	Sakali po may kakilala kayo nangangailangan ng aming produkto, baka pwede nyo kaming i-recommend ah.
677	obj068	critical	0.519	0.667	wag, po, kayong, matakot, mag, bayad, gcash	wag po kayong matakot mag bayad online, secured po ang system ng gcash natin.	Bumpuk ay matakat madbayat online, secured po ang system ng G-tash natin.	Huwag po kayo matakot magbayad online. Secured po ang system ng GTash natin.
1006	prc147	critical	0.593	0.593	naipon, ninyong, ilalagay, ko, bilang, points	ilalagay ko po bilang discount yung naipon ninyong points sa inyong loyalty card.	Pizara, bago po, bidang discount yun ay punin yung points sa inyong loyalty card.	Bilara dito po bilang discount yun na ipunin yung coin sa inyong loyalty card.
188	dlv089	critical	0.522	0.667	kapag, bumagyo, po, kaunting, delay, byahe	kapag bumagyo po, asahan po natin na may kaunting delay sa byahe.	Pag-bumadipo, asahan po natin na may kontin dili sa diahe.	Kapag bumali po, asahan po natin na may konting dilay sa biyahe.
519	num010	critical	0.522	0.667	twenty, eight, medyo, busy, aming, courier	friday po ngayon, august twenty eight, kaya medyo busy ang aming courier.	Friday po ngayon, August 28, kaya may jobisi ang anong career.	Friday po ngayon, August 28, kaya medyo busy ang aning career year.
813	pay054	critical	0.609	0.583	pay, cash, once, your, arrives	you can pay the rider directly with cash once your package arrives.	You can buy the rider directly with Dashponsure package or rags.	You can buy the rider directly with dashboards or package or rads.
417	grt008	critical	0.667	0.526	can, i, assist, with, you	good day! what can i assist you with right now?	Good day, what you nasty stupid right now.	Good day, what's your nasty stupid right now?
863	prc004	critical	0.6	0.6	one, thousand, bibilhin, niyo	one thousand pesos na lang po kung bibilhin niyo ngayon.	1,000 pesos na lang po kung bibili ninyo ngayon.	P1,000 pesos na lang po kung bibili nyo ngayon.
708	obj099	critical	0.56	0.64	maiintindihan, ganyan, presyo, nagamit, ninyo	maiintindihan po ninyo kung bakit ganyan ang presyo kapag nagamit ninyo na.	Maingtingdian po ninyo kung bakit yan yan ang pesyo kapag naisamid niya na.	Maintindihan po ninyo kung bakit na yan ang presyo kapag nagdamid nyo na.
489	grt080	critical	0.581	0.621	talaga, aasikasuhin, agad, ang, niyo	sorry po talaga for the inconvenience. aasikasuhin ko na po agad ang request niyo.	Sorry po talagdawa for the inconvenience. Pasi kasi kasi hindi ko na po odrad ng request nyo.	Sorry po talagang daw for the inconvenience. Pasi kasuhin ko na po adagang request nyo.
138	dlv039	critical	0.538	0.667	niyo, nang, kunin, ang, aming, point, pick, up	yes po, pwede niyo nang kunin ang item sa aming pick up point.	Yes po, pwede ngayon ng pwunin ng item sa amin Pick Up Why.	Yes po, pwede nilang kunin ang item sa aming pickup Y.
692	obj083	critical	0.538	0.667	nakakasiguro, kayong, namin, iyan, ipagkakalat	nakakasiguro po kayong safe ang inyong details, hindi po namin iyan ipagkakalat.	Nakakasigong mo po kayo safe ang inyong details. Hindi po naring yan di pagpakalat.	Nakakasiguro po kayo safe ang inyong details. Hindi po narin yan ipagpakalat.
3	cls004	critical	0.571	0.636	paumanhin, po, anumang, ninyong, pagbubutihin, pagkukulang	paumanhin po sa anumang pagkukulang, asahan ninyong pagbubutihin pa namin ito.	Paumanhing sa anang pagkukulang, asahan yung pabubutihin pa namin ito.	Pakumanhin po sa anong pangkukulang, asahan ninyong pabubutihin pa namin ito.
929	prc070	critical	0.571	0.636	bale, yung, downpayment, fifty, percent	bale yung downpayment po natin ay fifty percent ng total price.	Mari indong payment po natin ay 50% ng total price.	Mari yung down payment po natin ay 50% ng total price.
913	prc054	critical	0.593	0.615	ah, sagad, na, maibibigay, diyan	sorry po ah, pero sagad na po ang discount na maibibigay ko diyan.	Sorry po ang, pero sa dada po ang discount na may bibigay ko jarn.	Sorry po Ang, pero sadada po ang discount na may ibibigay ko dyan.
1101	prd092	critical	0.615	0.593	magkaiba, mahal, siya, nang, kaunti	magkaiba po ang material na ginamit dito kaya mas mahal siya nang kaunti.	Ota, iba po ang material na ginamit dito, kaya mas mahasyon ng tohonte.	Mag-try ba po ang material na ginamit dito kaya mas makasya ng konti?
67	cls068	critical	0.519	0.692	maraming, time, niyo, at, ingat, byahe	sige po, maraming salamat sa time niyo at ingat po palagi sa byahe!	Sige po, marani salamat sa timing nyo. Kat, iya po palagi sa biya hey.	Sige po, maraming salamat sa tayo ninyo at iyan po palagi sa biyahe.
756	obj147	critical	0.692	0.519	huwag, po, kayong, badyet, mahiya, na, kaya, ng	huwag po kayong mahiya na sabihin sa akin kung hindi kaya ng badyet.	Magpukay ang mahiya na sabihin sa akin kung hindi kaya ng bad yet.	Huwag po kayo mahiyana sabihin sa akin kung hindi kayo yan nang bad yet.
874	prc015	critical	0.545	0.667	ng, timing, niyo, nagbagsak, presyo	ang ganda po ng timing niyo, nagbagsak presyo po kami kahapon.	Ang ganda po nagtiming nyo, nabagsak, pero siya po kami kahapon.	Ang ganda po ng timing nyo, di ba, sa presya po kami kahapon.
30	cls031	critical	0.571	0.643	na, i, finalize, ang, maka, usad, nating	pwede na po nating i finalize ang inyong payment para maka usad na tayo.	Pwede niya po nating ikaw niya na raysang inyong payment para makaksod na tayo.	Pwede na po natin i-fine-rise ng inyong payment para maka-chado tayo.
338	fup029	critical	0.5	0.714	para, sakaling, kailanganin, niyo, ulit, ang, serbisyo	nandito lang po ako para mag assist sakaling kailanganin niyo ulit ang aming serbisyo.	Nandito lang po ako kaya mag-assist sa kaling telangan ninyuulay ng aming servicio.	Nandito lang po ako para mag-assist sakaling kailangan ninyo ulit ng aming servisyo.
455	grt046	critical	0.5	0.714	naku, pasensya, paghihintay, lang, po, mag, load, ang, matagal	naku, pasensya na po sa paghihintay. medyo matagal lang po mag load ang system namin.	Nakukpasensyon na po sa padihin pay, medyo matagal ng pumaglad ng system namin.	Naku, pasensya na po sa paghihintay. Medyo matadal nang pumaglad ang system namin.
636	obj027	critical	0.5	0.714	strict, no, refund, policy, kapag, nabuksan	sorry po, strict po kasi kami sa no refund policy kapag nabuksan na.	Sorry po, straight po kasi kami sa nori fan pa nais ikapan na buksan na.	Sorry po, straight po kasi kami sa no refund pa, naisi ka pal nabuksan na.
846	pay087	critical	0.571	0.643	paki, an, po, nang, malinaw, resibo, ang	paki picture an po nang malinaw ang resibo para mabasa namin ang reference number.	Aki-picture mo mo din ako ang recebo para mabasa namin ang reference number.	Okay, picture lang po naman din akong resibo para mabasa namin ang reference number.
108	dlv009	critical	0.583	0.64	medyo, natagalan, ang, pagbalot, binili, patawad	patawad po dahil medyo natagalan ang pagbalot namin sa inyong mga binili.	Patawad po dahil ito nagtadala ng pabarot namin sa inyong mga binile.	Patawag po dahil nensyo na talala ng pagbalot namin sa inyong mga binili.
431	grt022	critical	0.6	0.625	thank, you, si, ano, pong, maitutulong, grace	hi, thank you for calling! si grace po ito, ano pong maitutulong ko sa inyo?	Hi, Dicey for calling. Say, Grace po ito. Tanakok may da-tulong ko sa inyo?	Hi! Thank you for calling. So, il-raised po ito. Para po kong maitotulong ko sa inyo?
182	dlv083	critical	0.56	0.667	ibabalot, nang, maayos, masira, byahe	ibabalot po namin ito nang maayos para hindi masira sa mahabang byahe.	Ibababi po namin ito ng mayos para hindi mas sira sa mahabang beahe.	Ibabarap po namin ito ng maayos para hindi masila sa mahabang biyahe.
241	dlv142	critical	0.538	0.692	siguraduhin, po, ninyong, matanggap, ang	siguraduhin po ninyong may tao sa bahay para matanggap ang inyong order.	Sibula din pa rin yung may tao sa bahay para matpanda pang inyong order.	Sigurado rin po rin yung may tao sa bahay para matpanggap ang inyong order.
185	dlv086	critical	0.6	0.632	sa, lingo, byahe, aming, ang	sa lingo po ay walang byahe ang aming logistics partner.	Sanin ko po ay walang gaya ang aning logistics partner.	Sa linggo po ay walang biyayang aning logistics partner.
403	fup094	critical	0.519	0.714	binabalikan, ko, hiningi, ninyong, ng, naming, produkto	binabalikan ko po ang hiningi ninyong listahan ng mga bagong dating naming produkto ngayon.	Minabarikan po ang hingingin yung listahan ang mga bagong dating namin kodokto ngayon.	Binabalikan ko po ang hinginihin niyong listahan ang mga bagong dating namin produkto ngayon.
180	dlv081	critical	0.6	0.64	may, dagdag, pong, singil, ang, courier, kapag	may dagdag pong singil ang courier kapag out of town ang inyong address.	Pag-out-of-town ang inyong address.	Pineda po si ngilang courier kapag out of town ang inyong address.
374	fup065	critical	0.6	0.645	pasensya, abala, yung, naiwang, balanse, ninyo, lang	pasensya na po sa abala, gusto ko lang i follow up yung naiwang balanse ninyo.	Pasensyon na po sa bala, gusto ko lang i-follow up ang mayyong balansin nyo.	Pasensya na po sa bala. Gusto ko nang i-follow up yung may iwang balansin nyo.
915	prc056	critical	0.636	0.609	ng, item, iyan, eight, hundred	ang regular price po ng item na iyan ay eight hundred pesos.	Ang regular price po na itin dyan ay 800 pesos.	Ang regular price po na itin na yan ay 800 pesos.
790	pay031	critical	0.538	0.714	wag, po, kayong, ibabalik, ang, lalong, panahon, pera	wag po kayong mag alala, ibabalik namin ang inyong pera sa lalong madaling panahon.	Mabukayong mag-alala, ibabalit namin ng inyong pera sa narong madaling panakon.	Huwag po kayong mag-alala. Ibabalit namin ang inyong pero sa larong madaling panahon.
419	grt010	critical	0.588	0.667	how, can, we, am, called	i am glad you called, how can we help?	I'm glad you called. Help me help.	I'm glad you call. How can you help?
916	prc057	critical	0.667	0.588	three, thousand, five, hundred, pesos	the total amount due is three thousand five hundred pesos.	The total amount due is 3,500 pesos.	The total amount due is P3,500.
458	grt049	critical	0.545	0.714	paumanhin, sarado, tuwing, five, ng, mensahe, po, pm	paumanhin po, sarado na kami tuwing five pm. mag iwan na lang po ng mensahe.	Pamaninig po sa lada na kami at 2-5 pm, mag-iwan na lang po namin sa hey.	Sa lada na kami tuwing 5pm, mag-iwan na lang po ng mensahe.
444	grt035	critical	0.593	0.667	hayaan, niyo, tutulungan, ma, resolve, ito, kayong	i understand your concern po. hayaan niyo at tutulungan ko kayong ma resolve ito.	I understand your concern po. Hayan nyo at utulungan ko kayong malasol dito.	I understand your concern po. Hayaan nyo at tutulungan ko kayo malisol dito.
99	cls100	critical	0.571	0.69	babye, mag, ingat, po, kayo, palagi	sige po, thank you so much again, babye at mag ingat po kayo palagi!	Sige po. Thank you so much again. Bye-bye at magingat. Bukay pala day.	Sige po. Thank you so much again. Bye bye at magingat po kayo pala, Jay.
581	num072	critical	0.632	0.632	one, thousand, eight, hundred, pesos	one thousand eight hundred pesos po ang sisingilin sa inyo total.	P1,800 po ang sisingilin sa inyo total.	P1,800 po ang sisingilin sa inyo total.
716	obj107	critical	0.643	0.621	wag, po, kayong, mag, alala, tatagal, kung, pricey	wag po kayong mag alala kung medyo pricey, mas tatagal naman po ito sa inyo.	Kung pukay mong dalalakong medyo pricey, mas takadal naman po ito sa inyo.	Huwag po kayong magdalala akong medyo presi. Mas tatadal naman po ito sa inyo.
606	num097	critical	0.571	0.7	one, thousand, ninety, presyo, bagong, pesos	one thousand ninety pesos po ang presyo ng bagong sapatos natin.	1,90 pesos po ang priceo ng bakong sapatos natin.	P1,090 po ang presyo ng bagong sapatos natin.
992	prc133	critical	0.571	0.7	hahatiin, dalawang, hulog, kabuuang	hahatiin po natin sa dalawang hulog ang inyong kabuuang bayarin.	Hating po natin sa 2 ang gulog ng inyong kabuang bayarin.	Hating po natin sa dalawang gulog ang inyong kabuang bayarin.
550	num041	critical	0.636	0.636	five, hundred, eight, ilagay, ninyo, number	order reference number five hundred eight po ang ilagay ninyo sa form.	Order reference number 508 po ang ilagayin niyo sa form.	Order Reference No. 508 po ang ilagay nyo sa form.
247	dlv148	critical	0.609	0.667	please, allow, twenty, four, tracking	please allow twenty four hours for the tracking system to fully update.	Pays about 24 hours for the trapping system to fully update.	Place a lot 24 hours for the tracking system to fully update.
582	num073	critical	0.609	0.667	four, thirty, pm, kanto, ang	four thirty pm po darating ang delivery rider sa inyong kanto.	4.30 p.m. po darating ang delivery rider sa inyong canto.	4.30pm po darating yung Delivery Rider sa inyong kanto.
922	prc063	critical	0.609	0.667	four, hundred, including, labor, pesos	that will be four hundred pesos per square meter, including labor.	That will be 400 pesos per square meter in footing the board.	That will be P400 per square meter, including the bore.
628	obj019	critical	0.583	0.696	nag, aalangan, kayo, nabasa, ninyong	patawad po kung nag aalangan kayo dahil sa mga nabasa ninyong balita.	Patawad po kung nadaanang ang real dahil sa mga nabasan yung balita.	Patawad po kung nadalangan kayo dahil sa mga nabasan niyong balita.
785	pay026	critical	0.583	0.696	pasensya, nag, fail, transaction, ninyo, credit, card	pasensya na po, pero nag fail kasi yung credit card transaction ninyo.	Pasensyon na po, pero nad-phase kasi yung credit card transasyon nyo.	Pasensya na po, pero nag-fave kasi yung predator transaction nyo.
14	cls015	critical	0.667	0.615	paki, ang, inyong, telepono, check	paki check po ang inyong telepono mamaya para sa official text ng courier.	Baki-check po in yung telepon ng mamaya para sa official text ng courier.	Pakicheck po in yung telepon na mamaya para sa official text ng courier.
719	obj110	critical	0.643	0.643	naiintindihan, inyo, ang, pini, present, ko	naiintindihan ko po na mahalaga sa inyo ang quality, kaya ito ang pini present ko.	Naintindihan ko po na mahalaga sa inyong quality, kaya ito ang pinipresent po.	Naintindihan ko po na mahalaga sa inyong quality kaya ito ang pinipresent po.
746	obj137	critical	0.621	0.667	wag, niyo, na, iba, pong	wag niyo na pong isipin yung bad experience niyo, iba po kami mag alaga.	Pong di mo po, isipin yung bad experience yung, di ba po kami mag-alaga?	Hindi na po isipin yung bad experience nyo. Diba po kami mag-alaga.
295	eng046	critical	0.6	0.7	that, item, nine, hundred, ninety	that item is currently on sale for nine hundred ninety pesos.	The heighten is currently on sale for 990 pesos.	The item is currently on sale for 990 pesos.
607	num098	critical	0.6	0.7	six, am, po, kayo, tumawag, bukas	six am po kayo tumawag bukas para sa inyong advanced reservation.	Sisi bukayo tumag-bukas para sa inyong Advanced Reservation.	60 po kayo tumakabukas para sa inyong advanced reservation.
872	prc013	critical	0.7	0.6	fifty, percent, upon, we, checkout	we will automatically apply the fifty percent discount upon checkout!	We will automatically apply the 50% discount up on checkout.	You will automatically apply the 50% discount upon check-out.
105	dlv006	critical	0.615	0.692	naku, pasensya, nagka, aberya, kaninang	naku, pasensya na po at nagka aberya sa sorting center kaninang madaling araw.	Nako, pasensyan na po at nag-aaberya sa sorting center kanina madaling araw.	Nako, pasensya na po at nag-aabirya sa Sorting Center kanina madaling araw.
334	fup025	critical	0.593	0.714	paumanhin, istorbo, nais, i, verify, natuloy, lang	paumanhin po sa istorbo, nais ko lang i verify kung natuloy ang inyong lakad.	Pamanin po sa istobok, nice ko lang iverify kung maturay ang inyong lakad.	Paumanhin po sa istobo, naayos ko nang i-verify kung matuloy ang inyong lakad.
976	prc117	critical	0.615	0.692	po, alisin, niyo, nang, kaunti, nating	pwede po nating alisin yung add ons kung gusto niyo makatipid nang kaunti.	Pwede pa nating alising yung add-ons kung gusto yung makatipid ng comte.	Pwede po natin alisin yung add-ons kung gusto nyo makatipid ng konti.
1000	prc141	critical	0.667	0.64	isasama, hiningi, ninyong, libreng	isasama ko na po sa invoice yung hiningi ninyong libreng paper bag.	Sesama ko na po sa invoice yun hininingin yung Libang Paper Bag.	Sasama ko na po sa invoice yung hinining yung V-Bank paper bag.
892	prc033	critical	0.667	0.643	sigurado, kayo, luge, niyo, para	sigurado po kayong hindi kayo luge sa binayaran niyo para sa item na ito.	Sigurada po kayong hindi ilubes sa binayaran nyo pa sa item na ito.	Sigurada po kayong hindi ti-lulis sa binayaran nyo pa sa item na ito.
440	grt031	critical	0.6	0.714	umaga, po, speaking, may, kailangan, and	hello and magandang umaga! divine po speaking, may kailangan po ba tayong i check?	Hello, and magandang, o Maga Divine Postity, yung umaytay lang ang po ba tayong i-check.	Hello, ang magandang Umada Divine Post Tiki. May kailangan po ba tayong i-check?
1015	prd006	critical	0.636	0.696	huling, piraso, nabenta, kaninang	pasensya na ha, huling piraso na pala yung nabenta kaninang umaga.	Pasensya na ha, guling pilaso na pala yung nabenda kaninyang umaga.	Pasensya na ha, uling piraso na pala yung nabenda kaninyang umaga ha.
15	cls016	critical	0.667	0.667	one, thousand, two, hundred, fifty	your final total is exactly one thousand two hundred fifty pesos today.	Your final total is exactly 1,250 pesos today.	Your final total is exactly 1,250 pesos today.
1040	prd031	critical	0.667	0.667	naka, sale, din, napili, ninyo	tamang tama po, naka sale din po yung item na napili ninyo ngayon.	Tamang-tama po, nakasiling po yung item na napiling yung ngayon.	Tamang-tama po. Nakasealing po yung item na napiliin nyo ngayon.
433	grt024	critical	0.621	0.714	good, afternoon, paano, masisigurong, niyo, ko	good afternoon po! si joy ito, paano ko masisigurong maayos ang order niyo ngayon?	Pudak tundun po, si Joy ito, paan ko kasi sigurong maayos ang order nyo ngayon.	Pudato nun po, si Joy ito. Paano kong sisigurong maayos ang order niyo ngayon?
465	grt056	critical	0.625	0.71	pag, contact, si, hannah, kayo, maa	hello, salamat sa pag contact sa amin! si hannah po ito, paano ko kayo maa assist?	Hello, salamat sa pagkontak sa amin. Siya na po ito, paano ko ka yung mga assist?	Hello, salamat sa pagkontak sa amin. Siya na po ito. Paano ko kayo ma-assist?
518	num009	critical	0.643	0.692	ipapadala, twelve, pieces, box, laman	twelve pieces po ang laman ng isang box na ipapadala namin sa inyo.	Pero at business po ang laman ng isang ba sa ipaparo na namin sa inyo.	Drug Business po ang lamang ng isang bus na ipapadala namin sa inyo.
232	dlv133	critical	0.64	0.696	babalik, contact, kaninang, umaga, na	babalik po ang rider kapag hindi niya kayo na contact kaninang umaga.	Baabalik po ang rider kapag hindi niya kayo na kontak kanin ang mada.	Mabalik po ang rider kapag hindi niya kayo nakontakt kaninang umada.
792	pay033	critical	0.643	0.714	hayaan, niyo, iche, ulit, ang	hayaan niyo po at iche check ko ulit sa finance department ang inyong bayad.	Hayahan nyo po at ichi-check ko alit sa finance department ng inyong bayad.	Hayahan nyo po at i-check ko ulit sa Finance Department ng inyong bayad.
594	num085	critical	0.696	0.696	eleven, huling, mag, pasko	december eleven po ang huling araw ng aming pasok bago mag pasko.	December 11 po ang kuning araw ng aming pasok bago magpasko.	December 11 po ang kuning araw ng aming pasok bago magpasko.
569	num060	critical	0.7	0.7	thirty, date, ngayon	sunday, august thirty po ang date ngayon sa ating sistema.	Sunday August 30 po ang dating yan sa ating sistema.	Sunday, August 30 po ang dating yan sa ating sistema.
761	pay002	small_only	0.087	0.72	yes, po, kayong, magbayad, gamit, ang, inyong, gcash, o, kaya, maya	yes po, pwede kayong magbayad gamit ang inyong gcash o kaya maya.	Despo, pwede gai wabay diame den yun ji chashokha yama ya.	Yes, po. Pwede kayong mabayad gamit ng inyong G-Chash o kaya maya.
843	pay084	small_only	0.0	0.828	mag, rereply, po, ang, aming, system, kapag, na, confirm, inyong, naging, transaksyon	mag rereply po ang aming system kapag na confirm na ang inyong naging transaksyon.	Magrena pwede pwede pwede pwede pwede pwede pwede pwede pwede.	Modred up na po ang aming system kapag na-confirm na ang inyong naging transaksyon.
877	prc018	small_only	0.118	0.727	kapag, kumuha, kayo, ng, dalawa, libre, na, po, kayong, isa	kapag kumuha kayo ng dalawa, may libre na po kayong isa!	Bapakong buwakawa, may libeli buwakay, Liza.	Kapag kumuha ka ng 2, may libre na mo kayong isa.
359	fup050	small_only	0.065	0.786	kung, mga, kaibigan, kayong, gustong, umorder, pwede, niyo, silang, papuntahin, sa, aming, pahina	kung may mga kaibigan kayong gustong umorder, pwede niyo silang papuntahin sa aming pahina.	If you have a friend that you want to murder, you may now go to our house.	Kung may mga kaibigan dahil mustang umorder, pwede nyo silang papuntahin sa aming pahina.
699	obj090	small_only	0.091	0.769	huwag, po, kayong, mag, alala, kailangan, ninyo, pa, ng, oras, upang, magpasya	huwag po kayong mag alala kung kailangan ninyo pa ng oras upang magpasya.	Kumpukay magalala kung payayangan niyo panagwala sa upong magpasha.	Huwag po kayo mag-alala kung kailangan nyo pa ng oras upong magpasya.
1028	prd019	small_only	0.0	0.917	paumanhin, po, pero, matagal, pa, ang, susunod, na, dating, ng, materyales	paumanhin po, pero matagal pa po ang susunod na dating ng materyales.	Names may appear, but Tagalog may not be a material.	Paumanhin po pero matagal pa po ang susunod na dating ng materiales.
1036	prd027	small_only	0.174	0.75	ang, red, and, blue, ano, pong, kulay, gusto, ninyo	available po ang red and blue, ano pong kulay ang gusto ninyo?	Available by Red in View. Ano po kula yung gusin nyo?	Available ba ang Red and Green? Ano pong kulay ang gusto niyo?
995	prc136	small_only	0.286	0.727	bawat, metro, po, ng, tela, nagkakahalaga, ninety	bawat isang metro po ng tela ay nagkakahalaga ng ninety pesos.	Mawot isang metropolantela ay nagkakahan na din ang 90 pesos.	Bawat isang meter po ng tela ay nagkakahanada ng 90 pesos.
130	dlv031	small_only	0.296	0.72	po, pick, up, ng, courier, ang, inyong, package, kanina	good news po, na pick up na ng courier ang inyong package kanina!	Good news pop, napit up nila na queer year na ninyong backstage sya nina.	Good news po, napitap na ng Courier ang inyong package na nina.
328	fup019	small_only	0.276	0.741	susubukan, ko, po, kayong, tawagan, ulit, ng, umaga, desisyon	susubukan ko po kayong tawagan ulit bukas ng umaga para sa inyong desisyon.	So siya bukaw na bukaw yung tawada nalit bukas nang mga ba para sa inyong decision.	So, sabukan ko po kayong tawadan ulit bukas ng mada para sa inyong desisyon.
616	obj007	small_only	0.308	0.72	paumanhin, iyon, po, ang, pinakamababang, presyo, aming, maibibigay	paumanhin po, ngunit iyon na po ang pinakamababang presyo na aming maibibigay.	Paomantin po, ngunit yun na pampin na kamabag pampersion na kami mo di-dijay.	Paumanhin po, ngunit yun na po ang pinakamababang presyo ng aming may didigay.
800	pay041	small_only	0.308	0.72	kailangan, po, muna, nating, magbayad, downpayment, bago, umpisahan	kailangan po muna nating magbayad ng downpayment bago umpisahan ang inyong project.	Chila ang pumunan natin mag-biden ng payment babo ang bisahan ng inyong project.	Kailangan po muna natin magbayad ng dump payment bago umdesahan ang inyong project.
0	cls001	small_only	0.32	0.72	pasensya, ulit, sa, naging, abala, kanina, pag, unawa, ninyo	pasensya na po ulit sa naging abala kanina, salamat sa pag unawa ninyo.	Pasensyon na po alitso na dihabala kami na, salamat sa pagunawan nyo.	Pasensya na po ulit sa nagihabala kanina. Salamat sa pag-unawan nyo.
640	obj031	small_only	0.207	0.846	naiintindihan, mag, usap, muna, kayo, asawa, ninyo, bago, bumili	naiintindihan ko po, mag usap muna kayo ng asawa ninyo bago kayo bumili.	May hindihan ko po, mapusap mo na kaya ng asa ko ay nyo bako kaya bumigay.	Naintindihan ko po, mag-usap muna kayo ng asawa nyo bago kayo bumili.
577	num068	small_only	0.32	0.75	five, thirty, magbubukas, ng, shop, para, sa, mga	five thirty am po kami magbubukas ng shop para sa mga suki.	5.30 am po kami mo bubukas na siya, payas na ma suki.	5.30 am po kaming magbubukas ng shop para sa mga suki.
656	obj047	small_only	0.24	0.833	babalikan, ko, po, biyernes, upang, malaman, ang, inyong, pasya	babalikan ko po kayo sa biyernes upang malaman ang inyong huling pasya.	Baabadikang tukpo kayo sa beer nais yung pangmalaman ng inging huling ba siya.	Babalitan ko po kayo sa Beerness upang malaman ang inyong huling pasya.
55	cls056	small_only	0.25	0.833	maraming, salamat, masayang, uusap, natin, hanggang, muli, nating, pagkikita	maraming salamat sa masayang pag uusap natin, hanggang sa muli nating pagkikita!	Marami sarangat sa nagsayang pag-usap namin, handan sa mo nilating pagtikita.	Maraming sarangat sa masayang pag-uusap natin. Handan sa muli nating pagkikita.
1050	prd041	small_only	0.37	0.72	iche, ko, muna, wag, kayong, mag, alala, meron	iche check ko muna sa likod, wag kayong mag alala, baka meron pa.	Isi-check kung mo na sa likod, mo gay mo lalala, baka meran pa.	isi-check ko muna sa likod. Huwag kayong malalala, baka meron pa.
381	fup072	small_only	0.267	0.828	sakaling, nagbago, isip, niyo, tungkol, sa, pinag, usapan, bulk, order, kahapon	baka po sakaling nagbago ang isip niyo tungkol sa pinag usapan nating bulk order kahapon.	Baka po sa kaling nagbabawang isip nilatong kusapin ang kusapan nating bako quarter ka hapon.	Baka po sakaling nagbago ang isip nila tungkol sa pinag-usapan nating backorder kahapon.
784	pay025	small_only	0.348	0.75	bayad, po, ang, lahat, kaya, maghihintay, na, lang	bayad na po ang lahat, kaya maghihintay na lang kayo sa delivery!	May adepo ang lahak, kaya magigintay na nang kayo sa delivery.	Mayada po ang lahat, kaya magiging tayo na lang kayo sa delivery.
974	prc115	small_only	0.348	0.75	kapag, tinotal, kasama, yung, pumatak, po, two, thousand	kapag tinotal po natin kasama yung discount, pumatak po ng two thousand.	Tapag tinokal po natin sa Maying discount, matakpo ng 2,000.	Kapag tinotal po natin kasama yung discount, matak po ng 2,000.
513	num004	small_only	0.333	0.769	three, pieces, lang, po, ang, natitira, sa, itim, ninyo	three pieces na lang po ang natitira sa kulay itim na kailangan ninyo.	3 pises na nang pang matikirasa kulay, tinun na kailangan inyo.	3 pieces na lang po ang matitira sa kulay itin na kailangan ninyo.
168	dlv069	small_only	0.385	0.72	gusto, niyo, po, ba, ng, o, pick, up	gusto niyo po ba ng door to door delivery o branch pick up?	Be sure you go when an door-to-door delivery or branch pickup.	Pwede siya po ba ng door-to-door delivery o branch pickup.
573	num064	small_only	0.381	0.727	five, percent, po, ang, bawas, transaksyong, gumagamit, ng	five percent po ang bawas sa mga transaksyong gumagamit ng credit card.	5% pambawas sa mga transaksiyong dumadamit na credit card.	5% ang bawas sa mga transaksyong lumadamit ng credit card.
925	prc066	small_only	0.381	0.727	babawasan, ten, percent, nine, hundred, lang, po, siya	kung babawasan ng ten percent, magiging nine hundred na lang po siya.	Kung babuwasang ng 10%, magiging 900 na ng pusya.	Kung babawasan ng 10%, magiging 900 na lang po siya.
395	fup086	small_only	0.276	0.839	pasensya, po, kung, nakakaistorbo, pahinga, ninyo, mabilis, lang, itong, uusapan	pasensya na po kung nakakaistorbo sa pahinga ninyo, mabilis lang po itong pag uusapan natin.	Pasensyon na pukon nakakastorbo sa pahingin nyo. Nabilis ng puit ang pag-usapan natin.	Pasensya na po kung nakaka-storebo sa pahinga nyo. Mabilis lang po itong pag-uusapan natin.
553	num044	small_only	0.333	0.783	forty, percent, ibinigay, naming, discount, lumang, stock, ngayon	forty percent off po ang ibinigay naming discount sa lumang stock ngayon.	40% off po ang idenghyay namin the sound sa dumang stack mayan.	40% off po ang ibinigay naming discount sa dumang stock ngayon.
468	grt059	small_only	0.348	0.769	po, magandang, hapon, jane, ang, pangalan, mapagsisilbihan	magandang hapon po! jane po ang pangalan ko, paano ko po kayo mapagsisilbihan?	Pagandang hapunpok, jeng pang palan ko, paano ko kayo mapagsisindihan?	Magandang hapon po. Jane po ang paralan ko. Paano ko po kayong mapagsisindihan?
50	cls051	small_only	0.4	0.727	asahan, niyo, pong, darating, iyan, lalong, panahon	sige po, asahan niyo pong darating iyan sa lalong madaling panahon!	Sige po, asahing ipundalating yan sa lalo, madaling panahuan.	Sige po, asahin niya pong darating yan sa lalong madaling panahon.
798	pay039	small_only	0.296	0.833	sigurado, pong, kayo, madodoble, ng, sa, inyong, ngayon	sigurado pong hindi kayo madodoble ng charge sa inyong credit card ngayon.	Si Villana pang hindi kaya madadobo na nang charge sign yung credit card niya yan.	Simulada pong hindi kayo, madadoblo ng charge sa inyong credit card ngayon.
570	num061	small_only	0.381	0.762	transaction, code, nine, hundred, po, binigay, amin	transaction code nine hundred po ang binigay sa amin sa chat.	Tan-saction board, 980 ang bingigay sa amen sa chat.	Transaction board 900 po ang binigay sa amin sa chat.
206	dlv107	small_only	0.417	0.727	mula, ibabyahe, iyan, ng, papunta, norte	mula po dito, ibabyahe po iyan ng courier papunta sa norte.	Uyaw po dito, iba beahe po yan ang courier pa punta sa Nord.	Mula po dito, ibabiyahe po yan ng courier papunta sa North.
372	fup063	small_only	0.345	0.8	tumatawag, ako, napag, usapan, niyo, na, ng, pamilya, pagbili	tumatawag ako para i check kung napag usapan niyo na ng pamilya niyo ang pagbili.	Sa matawagong ko para i-check kung napabusapan yan ang pamilyan yung ang pabiliyay.	Tagalog ko para i-check kung napag-usapan niya na ng pamilya niyo ang pagbili.
857	pay098	small_only	0.414	0.733	i, verify, bangko, yung, tseke, na, idineposito, ninyo	i verify ko lang sa bangko kung pumasok na yung tseke na idineposito ninyo.	Iverify ko lang sa bank ko kung pumasok na in-chatin ay din ipokitanin nyo.	I-verify ko lang sa banko kung pumasok na yung chete na i-diniposit na ninyo.
893	prc034	small_only	0.429	0.72	niyo, itototal, ko, ulit, makita, computation	hayaan niyo po, itototal ko ulit para makita niyo na tama ang computation.	Hayaan n'yo po, ito-tol-tol-gulit para makikitan nyo na tama ang competition.	Hayaan nyo po, itututulog ulit para makita nyo na tama ang computation.
1052	prd043	small_only	0.32	0.833	hahanapan, po, kayo, ng, magandang, alternative, kung, sakaling	hahanapan ko po kayo ng magandang alternative kung sakaling wala na ito.	Hanapang kukukay na malandang ato na tip ko sa kaling wala na ito.	Hahanapan ko po kayo na magandang alternative kung sakaring wala na ito.
759	obj150	small_only	0.357	0.8	o, makakaasa, na, kahit, bumili, ituturing, kayong, mahalaga	makakaasa po kayo na kahit bumili kayo o hindi, ituturing namin kayong mahalaga.	Kakaasa po kayo, nakakahit mo may di kayo hindi, ito tuwi namin to yung mahalada.	Makakaasa po kayo na kahit bumili kayong hindi, itutuwing namin kayong mahalaga.
460	grt051	small_only	0.4	0.759	welcome, back, salamat, at, tumawag, kayo, tuloy, po, ang	welcome back po! salamat at tumawag kayo ulit sa amin. tuloy po natin ang usapan.	Bukitang bag po, sila makapit mo ako kaya ulit sa amin. Tuwepo natin na usapan.	Welcome back po. Salamat at tumukop kayo ulit sa amin. Tumuli po natin nausapan.
549	num040	small_only	0.435	0.727	saturday, twenty, nine, po, natin, i, inyong	saturday, august twenty nine po natin i schedule ang inyong delivery ngayon.	Sat or day, August 29, nating schedule ang yung delivery ngayon.	Saturday, August 29 po natin ischedule ang inyong delivery ngayon.
828	pay069	small_only	0.417	0.75	ay, umaabot, tatlo, hanggang, limang, araw, makuha	ang refund po ay umaabot ng tatlo hanggang limang araw bago makuha.	Ang refund po ayaw maabot ng 3-5 a.m. bago makuka.	Ang refund po ay umabot ng tatlaw hanggang limang araw bago makuka.
248	dlv149	small_only	0.4	0.769	kapag, nang, malakas, ititigil, muna, ng, pag, deliver	kapag umulan po nang malakas, ititigil muna ng rider ang pag deliver niya.	Tapag umulan po lahulakas, ititidil mo na na rider ang paddelivery niya.	Pag umulan po na walakas, ititigil muna ng rider ang pag-deliver niya.
563	num054	small_only	0.455	0.727	twenty, people, kasalukuyang, nagtatrabaho, opisina, taytay	twenty people po ang kasalukuyang nagtatrabaho sa aming opisina sa taytay.	Kuyantipibo po ang pasanong kuyang natakrabawa sa aming ofisina sa TaiTai.	20 people po ang pasalukuyang natatrabaho sa aming opisina sa Taytay.
714	obj105	small_only	0.462	0.72	makakaasa, sasayangin, ang, tiwalang, ibinibigay, ninyo	makakaasa kayong hindi namin sasayangin ang tiwalang ibinibigay ninyo sa aming tindahan.	Makakaasak kayong hindi namin sa sayang inanti, walang hindi nibigayin nyo sa aming tindahan.	Makakaasa kayong hindi namin sasayain ng tiwala na ibinibigay ninyo sa aming tindahan.
246	dlv147	small_only	0.4	0.783	dadaan, hub, ang, inyong, bago, pumunta, diyan	dadaan po muna sa main hub ang inyong package bago pumunta diyan.	Dadan po muna sa main harbalin yung package, waw po po monta-djany.	Dadaan po muna sa main habang inyong package bago pumunta dyan.
883	prc024	small_only	0.4	0.783	naku, sakto, po, pa, voucher, tayo	naku, sakto po dahil may pa voucher pa po tayo sa inyo!	Nakusak tapo dahil may paboucher paputay sa inyo.	Naku, sakta po dahil may paboucher pa po tayo sa inyo.
687	obj078	small_only	0.385	0.8	ipangangako, ko, po, maganda, ang, inyong, karanasan, ngayon	ipangangako ko po na mas maganda ang inyong magiging karanasan sa amin ngayon.	Yipen na nga kukupo na mas padandangin yung magiging kanalasan sa amin ninyayon.	Ipinangako ko po na mas magandang inyong magiging karanasan sa amin ngayon.
347	fup038	small_only	0.417	0.769	binabalikan, ko, kayo, tungkol, ten, percent, napag, usapan	binabalikan ko lang po kayo tungkol sa ten percent na napag usapan natin.	Minabalikan mo lang po kayutang ko sa 10% na napabosapan natin.	Binabalikan po lang po kayo ng tungkol sa 10% na napag-usapan natin.
840	pay081	small_only	0.417	0.769	bawal, po, ang, installment, produktong, naka, sale, na	bawal po ang installment plan para sa mga produktong naka sale na ngayon.	Mawad pawang installing plan para sa mga produk paong nakasil ngayon.	Bawag po ang installing plan para sa mga produktong naka-seal na ngayon.
397	fup088	small_only	0.345	0.848	huwag, po, kayong, mag, alala, gagawa, paraan, matulungan, magka, oras	huwag po kayong mag alala, gagawa kami ng paraan para matulungan kayong magka oras sa susunod.	Magpukay ang magalala, lagawa kami ng parahan para matungwanti ang maggaora sa susunod.	Huwag po kayong mag-alala na gawa kami ng paraan para matulungan kayong magka oras na susunod.
729	obj120	small_only	0.444	0.75	kailangang, magmadali, nandito, lamang, sakaling, handa	hindi ninyo kailangang magmadali, nandito lamang ako kung sakaling handa na kayo.	Hindi ninyo kayo lang ang mabadalay na dito lang ako kung sakaring handan na kayo.	Hindi ninyo kailangan mabadali. Nandito lamang ako kung sakaring handa na kayo.
387	fup078	small_only	0.467	0.733	kakilala, naghahanap, murang, kagamitan, huwag, kalimutang, banggitin, ang	kung may mga kakilala kayong naghahanap ng murang kagamitan, huwag kalimutang banggitin ang pangalan namin.	Kung may mga kakailala kayong nagdahanap ng maurang katamitan, uwa kalimutan baniti ng pangalan namin.	Kung may mga kakilala kayong nagdahanap ng maulang katanitan, huwag kalimutang banditin ang pangalan namin.
1089	prd080	small_only	0.385	0.815	mas, mabilis, uminit, bagong, na, kumpara, doon, luma	mas mabilis po uminit yung bagong labas na model kumpara doon sa luma.	Basmobis po omit yung babong labas ng model kung parado'on sa ruma.	Mas mabilis po uminit yung bagong labas ng model ko para doon sa luma.
541	num032	small_only	0.462	0.75	seven, twenty, pesos, niyong, i, gcash, account	seven twenty pesos po ang dapat niyong i transfer sa aming gcash account.	$7.20 po ang dapat nyo e-transfer sa aming G-tash akong.	P720 po ang dapat niyong i-transfer sa aming GTash account.
331	fup022	small_only	0.37	0.846	pasensya, na, po, kung, nakakaistorbo, trabaho, ganitong, ngayon	pasensya na po kung nakakaistorbo ako sa inyong trabaho sa ganitong oras ngayon.	Pasensyon ako naka-install. Bua ako sa inyong nabawa sa danitong oras niya yun.	Pasensya na po kung nakakaistolbo ako sa inyong trabaho sa danitong oras ngayon.
439	grt030	small_only	0.483	0.733	hi, po, si, karen, maa, ang, niyo	hi po! si karen po ito, paano ko po maa assist ang concern niyo today?	Haipo siga'y ba ito? Paano ko po ma-assist ng concern nyo today?	Hi po si Lain po ito. Paano ko po ma-assist ng concern nyo today?
527	num018	small_only	0.37	0.846	nine, am, magsisimulang, tumanggap, tawag, mula, sa, kliyente	nine am po kami magsisimulang tumanggap ng mga tawag mula sa mga kliyente.	Nain din po kami magsisima ng tumandot ng mga tavag mo lasong mga cliente.	Nain din po kami magsisimulang tumanggap ng mga tawag mula sa mga kliyente.
834	pay075	small_only	0.385	0.833	idadagdag, po, namin, ang, utang, na, cycle	idadagdag po namin ang utang ninyo sa inyong susunod na billing cycle.	Ida-da-da punay may nang utani ninyo sa inyong susunod ng billing ticker.	Itadagdag po namin ang utang ninyo sa inyong susunod na billing feature.
848	pay089	small_only	0.435	0.783	tatlong, buwan, huhulugan, ang, kinuha, package, sa	tatlong buwan po ninyong huhulugan ang inyong kinuha na package sa amin.	Takambuan po ninyong huluban ng inyong kinuhaw na pake siya amin.	Tagambuan po ninyong kukuluban ang inyong kinuha na package sa amin.
867	prc008	small_only	0.435	0.783	sulit, na, libre, rin, pagpapa	sulit na sulit po ito dahil libre na rin ang pagpapa deliver.	Suwet sa suwet po ito dahil libe namin ang pagpapad deliver.	Sulit na sulit po ito dahil libi na rin ang pagpapagdeliver.
475	grt066	small_only	0.5	0.72	naman, po, id, niyo, mahanap, ko, agad	pakibigay naman po ang order id niyo para mahanap ko agad sa system.	Pakibigay nang magpo ang order idio para maharap coven sa system.	Pakibigay naman po ang order IDO para makahanap ko event sa system.
959	prc100	small_only	0.5	0.72	kung, bibilangin, natin, ng, siyam, na, libo	kung bibilangin po natin lahat, pumatak po ng siyam na libo ang bill.	Pumbibianin po nating lahat, pumatak po nang shamda nibo ang bill.	Kung bibiyahin po natin lahat, pumatak po ng 7,000 ang bill.
836	pay077	small_only	0.48	0.741	tatanggapin, ng, eksaktong, bayad, ninyo, sukli	tatanggapin po ba ng rider ang eksaktong bayad o kailangan ninyo ng sukli?	Tapandopin po ba nang rider ang exakang bayat o kailangan yung nasuklee?	Tapan papain po ba ng rider ang eksaktong bayad o kailangan ninyo na sukle?
744	obj135	small_only	0.483	0.741	naiintindihan, mahirap, magtiwala, kaya, akong, magbigay	naiintindihan ko po na mahirap magtiwala ngayon, kaya handa akong magbigay ng patunay.	Naintindihan ko po na mahilap mo tiwa lang ngayon. Tiya handa ako mo bigay ng patunay.	Naiintindihan ko po na mahilap mong tiwala ngayon kaya handa akong mabigay ng patunay.
897	prc038	small_only	0.476	0.75	huwag, pong, mabahala, nating, i, refund, sumobra	huwag pong mabahala, pwede naman po nating i refund kapag may sumobra.	Magpumabahala, pwede naman po natin nilifan kapag may sumoba.	Huwag po mabahala, pwede naman po natin i-refund kapag may sumoba.
279	eng030	small_only	0.5	0.727	we, require, a, fifty, percent, downpayment	we require a fifty percent downpayment before starting your custom order.	Repire 50% dump payment before starting your custom order.	We require a 50% down payment before starting your custom order.
384	fup075	small_only	0.4	0.828	pasensya, kung, na, ulit, ang, pagtawag, po, talagang, makasiguro	pasensya na po kung na ulit ang pagtawag ko, nais ko lang po talagang makasiguro.	Pasensyon na po ako naulit ng pangtawa ko. Nais ko lang putan na lang makasiguno.	Pasensya na po kung naulit ang pagtawag ko. Nais ko lang po talagang makasigurong.
323	fup014	small_only	0.444	0.786	ko, lang, po, kamustahin, nakuha, nang, maayos, ang	nais ko lang po kamustahin kung nakuha na ninyo nang maayos ang inyong package.	Nais, palang pukamustayin kung nakuku ka na ninyo ng maayas ng inyong package.	Maayos ko lang po kumustahin kung nakuha na ninyo ng maayos ang inyong package.
622	obj013	small_only	0.48	0.75	humihingi, po, naabot, ang, inaasahan, ninyo	humihingi po ako ng tawad kung hindi namin naabot ang inaasahan ninyo.	Kung may sinipu ako ng tawad kung hindi namin ahabot namin asahanin nyo.	Humihini po ako ng tawad kung hindi namin nahabot ang inasahan ninyo.
941	prc082	small_only	0.48	0.75	kung, idadagdag, yung, aabot, five, thousand	kung idadagdag po natin yung accessories, aabot po tayo ng five thousand.	Po idat-adad po natin ang accessories, ahabot po tayo ng 5,000.	Kung idadagdag po natin yung accessories, ahabot po tayo ng 5,000.
481	grt072	small_only	0.462	0.769	titignan, ko, aming, listahan, kung, kumpirmado, naging	titignan ko muna sa aming listahan kung kumpirmado na ang inyong naging transaksyon.	Titing na kong muna sa amilistahan kong permadal na ang inyong maging transaksyon.	Titignan ko muna sa aming listahan kung confirmado na ang inyong maging transaction.
1003	prc144	small_only	0.462	0.769	computation, po, nito, base, kinuha, ninyong, kanina	ang computation po nito ay base sa dami ng kinuha ninyong produkto kanina.	Ang competition punito ay basu sa dami ng kinuhayin niyang produkto kani na.	Ang computation po nito ay basa sa dami ng kinuhay niyang produkto kanina.
249	dlv150	small_only	0.4	0.833	ninyong, tawagan, ang, numero, kapag, nandiyan, na	pwede po ninyong tawagan ang numero ng driver kapag nandiyan na siya.	Pwede po ninyo Tagalog na nang number ng driver ko apag nanjana siya.	Pwede po ninyong tawagan ng numero ng driver kapag nandyan na siya.
705	obj096	small_only	0.4	0.833	hayaan, ninyong, gaano, kaganda, ang, ginamit, materyales	hayaan ninyong ipakita ko kung gaano kaganda ang ginamit na materyales dito.	Hayanin yung ipakita ko kung baka ano ka gandaan dinamit na matayales dito.	Hayaan ninyong ipakita ko kung gaano kaganda ang dinamit na materiales dito.
559	num050	small_only	0.476	0.762	ten, po, magtatapos, malaking, end, of	september ten po magtatapos ang ating malaking end of season sale.	September pin pumag tapakos ang ating manaking endang season sale.	September 15, pumagtatapos ang ating malaking end of season sale.
820	pay061	small_only	0.522	0.72	we, strictly, a, no, downpayment	we strictly follow a no downpayment no processing policy for custom orders.	Ustriti-follow anong down payment ng processing policy for custom orders.	We strictly follow a non-down payment of processing policy for custom orders.
910	prc051	small_only	0.385	0.857	binigay, ninyong, naku, po, pasensya, na, dahil, valid	naku po, pasensya na dahil hindi na po valid yung binigay ninyong voucher code.	Nakopo, pasensyan ang dahay hindi na bubalay din binigayin yung voucher code.	Nako po, pasensya na dahil hindi na po valid yung binigay niyong voucher code.
376	fup067	small_only	0.429	0.815	kung, sakaling, may, mairekomenda, kayong, bibigyan, libreng	kung sakaling may mairekomenda kayong kakilala, bibigyan namin kayo ng libreng shipping ngayon.	Usakaling mo'y mag-recomenda kayo kakilala, bibil yan namin kayo ng living shipping ngayon.	Kung sakaling may ma-recommenda kayong kakilala, bibigyan namin kayo ng living shipping ngayon.
216	dlv117	small_only	0.48	0.769	hintayin, niyo, na, lang, ni, shopee, tungkol	hintayin niyo na lang po ang text ni shopee tungkol sa delivery ninyo.	Pintayin nilang po ang text na siya apitong ko sa delivery ninyo.	Pintayin nyo na lang po ang text na Shopee tungkol sa delivery ninyo.
830	pay071	small_only	0.48	0.769	paki, sigurado, po, na, tama, ilalagay, ninyo	paki sigurado po na tama ang reference number na ilalagay ninyo sa form.	Ok, siguro ako natama ang reference number na iyaladayin nyo sa form.	Okay, sigurado po na tama ang reference number na ilaladay nyo sa form.
217	dlv118	small_only	0.5	0.75	araw, inaabot, kapag, sa, loob, siyudad	isang araw lang po ang inaabot kapag sa loob lang ng siyudad.	Isang karaw lang po ang inakabot na pagsalob lang ng sure dad.	Isang karaw lang po ang hinahabot kapag sa lobi lang ng siyudad.
926	prc067	small_only	0.5	0.75	ipadadala, ko, kumpletong, breakdown, babayaran, niyo	ipadadala ko po sa inyo ang kumpletong breakdown ng mga babayaran niyo.	Tipadadan ako po sa inyo ang kompetong bait na ng mga babayano.	Ipadadala ko po sa inyo ang kompletong breakdown ng mga babayahan nyo.
1085	prd076	small_only	0.483	0.769	life, umaabot, walong, oras, tuloy	yung battery life po nito ay umaabot ng walong oras na tuloy tuloy.	Yung battery raise po nito ay ang abot ng 8 o'clock na ito may tulori.	Yung battery race po nito ay umabot ng 8 oras na tuloy-tuloy.
43	cls044	small_only	0.357	0.897	po, ulit, kami, kapag, kailangan, pa, namin, karagdagang, impormasyon	tatawag po ulit kami kapag kailangan pa namin ng karagdagang impormasyon mula sa inyo.	Tatawag bukulit ng mika pag-vela ng panamin ng karagdadang information mula sa inyo.	Tatawag po ulit kami kapag kailangan pa namin ng talagdad ng impormasyon mula sa inyo.
52	cls053	small_only	0.538	0.72	maraming, mag, iingat, palagi, magandang, hapon	maraming salamat po, mag iingat po kayo palagi at magandang hapon sa inyo!	Maami salamat po. Magigit po kayo pala di at madandang hakong sa inyo.	Maraming salamat po. Maghihihit po kayo paladi at madandang hapon sa inyo.
74	cls075	small_only	0.5	0.759	po, maraming, siguradong, magugustuhan, niyo, item	maraming salamat po sa pag order, siguradong magugustuhan niyo po ang item na ito!	Parami, salamat sa pag-order. Sigurad na mabuso ang yung hi-ten na ito.	Maraming salamat po sa pag-order. Siguradong mabukos sa inyo po ang khaitan na ito.
1088	prd079	small_only	0.444	0.815	o, po, kayo, ngayon, iseseparate, ko, ninyo	kung o order po kayo ngayon, iseseparate ko na po yung item ninyo.	Kung waw order buhay mo yun, is it separate na po yung item dinyo.	Kung o-order po kayo ngayon, isi-separate po na po yung item ninyo.
738	obj129	small_only	0.519	0.741	asahan, ninyo, mananatiling, maayos, ng, item	asahan ninyo na mananatiling maayos ang kondisyon ng item kahit pagkatapos ng taon.	Kasahal nyo naman na natiling makayos ang kondisyon na kaipin kahit pagkatapos ng taon.	Kasahin nyo naman na natiling maayos ang kondisyon ng item kahit pagkatapos ng taon.
849	pay090	small_only	0.462	0.8	kapag, dagdag, na, charge, five, percent	kapag card po ang gamit, may dagdag na bank charge na five percent.	Tapag-card po ang gamit may day that the bank charged you 5%.	Kapag card po ang gamit, may dagdag na bang charge na 5%.
901	prc042	small_only	0.462	0.8	aayusin, ko, ang, presyo, para, budget, niyo	sige po, aayusin ko ang presyo para pasok sa budget na sinabi niyo.	Sige po, ayusin kong price mo kala pasok sa Biden na sinabi nyo.	Sige po, ayosin kang presyo para pasok sa budget na sinabi niyo.
1038	prd029	small_only	0.462	0.8	sakto, kakadating, lang, ng, bagong, kanina	yes po, sakto dahil kakadating lang ng mga bagong stocks natin kanina.	Yes po, sak pa dahil takadating nga nga mga bakong stocks natin din na.	Yes po, sakta dahil kakadating lang ng mga bagong stocks natin dyan na.
781	pay022	small_only	0.435	0.833	po, ang, inyong, ibinayad, kaya, pong, sukli	sakto po ang inyong ibinayad kaya wala na pong sukli na kailangan.	Sakto pa rin yung binayat ayaw, wala na pungsuklin na kailangan.	Sakto po ang inyong ibinayat kayo. Wala na pong sukli na kailangan.
192	dlv093	small_only	0.522	0.75	ilang, kilometro, ninyo, mula, sa, main	ilang kilometro po ang layo ng bahay ninyo mula sa main highway?	Iyang kailagay ka po ang layo ng bahay ninyong malasaming highway.	Yung katakita po ang layo ng bahay niyo mula sa main highway?
862	prc003	small_only	0.545	0.727	good, news, pasok, order, niyo	good news po, pasok yung order niyo sa free shipping natin!	Pwede nus po, masak yung ordering niya sa free shipping natin.	Pwede niyos po, pasok yung order niya sa free shipping natin.
981	prc122	small_only	0.545	0.727	your, comes, seven, thousand, eight, hundred	your total bill comes out to exactly seven thousand eight hundred pesos.	Yur total bill thumbs out to exactly 7,800 pesos.	Your total bill comes out to exactly 7,800 pesos.
873	prc014	small_only	0.364	0.909	sobrang, baba, po, ng, presyo, diyan, kumpara	sobrang baba na po ng presyo natin diyan kumpara sa iba.	Sogram barba na punang priceon natin dyan kung para sa iba.	Sobrang baba na po ng presyo natin dyan kumpara sa iba.
1086	prd077	small_only	0.538	0.741	iche, ko, naitabi, pa, kami, galing	iche check ko muna kung may naitabi pa kami galing sa last shipment.	Ito check kung muna, kung may night, sabi pang migaling sa Last Shipment.	I-check ko muna kung may night tabi pa kaming galing sa last shipment.
135	dlv036	small_only	0.48	0.8	ninyo, ipapadala, na, ito, mamayang, mismo	sakto po ang dating ninyo, ipapadala na namin ito mamayang hapon mismo!	Sakto po ang dating nyo, papadala namin to mama ang hapon nis mo.	Sakto po ang dating niyo. Ipapadala na namin ito mamay ang hapon mismo.
523	num014	small_only	0.48	0.8	ten, percent, makukuha, ninyo, kinuha, buong	ten percent discount po ang makukuha ninyo kapag kinuha ninyo ang buong set.	10% discount po ang makukukahanin nyo kapag kinunghanin nyo ang bong set.	10% discount po ang makukuha ninyo kapag kinunghan ninyo ang buong set.
537	num028	small_only	0.48	0.8	seven, pm, po, tumawag, ulit, ang, ninyo	seven pm po kayo tumawag ulit para malaman ang status ng order ninyo.	7 pimpu kayo tumawabulit para malaman na status ng order in nyo.	7pm po kayo tumawag ulit para malaman ang status ng order nyo.
609	num100	small_only	0.56	0.72	twelve, noon, eksaktong, oras, ng	twelve noon po ang eksaktong oras ng pagdating ng shipment sa warehouse.	Dwell na'n po ang exakang olas ng pagdating na shipment sa warehouse.	12 o'n po ang exact oras ng pagdating ng shipment sa warehouse.
132	dlv033	small_only	0.5	0.783	yehey, pasok, po, ang, ninyo, promo	yehey, pasok po ang order ninyo para sa aming free shipping promo!	Yay! Paso ko order nyo para sa aming free shipping prom mo!	Yay! Pasok ang order nyo para sa aming free shipping promo.
344	fup035	small_only	0.552	0.733	kung, nasiyahan, po, kayo, serbisyo, ikuwento, kaibigan	kung nasiyahan po kayo sa aming serbisyo, pwede niyo kaming ikuwento sa inyong mga kaibigan.	Puna siyahan pukay sa aming servicio. Pwede niyo kaming kuwenta sa inyong mga kaibidyan.	Kung nasiyahan po kayo sa aming serbisyo, pwede nyo kami ikwenta sa inyo mga kaibigan.
125	dlv026	small_only	0.5	0.786	sagot, na, po, shipping, sakaling, magka, ulit	sagot na po namin ang shipping fee kung sakaling magka problema ulit sa courier.	Sabudap mo namin ang shooting fee kung saka nang muda problema maulit sa courier.	Sabot na po namin ang shipping fee kung saka ninuda problema ulit sa courier.
506	grt097	small_only	0.429	0.857	pasensya, po, ulit, ginagawa, na, ang, paraan	pasensya na po ulit sa delay, ginagawa na po namin ang lahat ng paraan.	Pasang siya na pulit sa delay, di nago ko namin ng lahat ng paan.	Pasensya na po ulit sa delay. Tinagawa na po namin ang lahat ng paan.
78	cls079	small_only	0.519	0.769	continued, nandito, lang, kami, palagi	thank you for your continued loyalty, nandito lang kami palagi para tumulong!	Thank you for your funding, your loyalty, and gitan ang kambay padagay pa para tumulong.	Thank you for your pointing and loyalty. Nandito lang kami palagi pa at tumulong.
543	num034	small_only	0.538	0.75	eight, kaming, naglilingkod, komunidad, ngayon	eight years na po kaming naglilingkod sa ating lokal na komunidad ngayon.	8 years na po kami nag-living kod sa ating lokal na kumunidad niyan.	8 years na po kami naglilingkod sa ating lokal na komunidad niyon.
664	obj055	small_only	0.519	0.769	nag, aalangan, kayo, kayong, muna, ma, test	kung nag aalangan kayo, pwede kayong mag order muna ng isa para ma test.	Kung medyaalan tayo, pwede tayong mag-order mo na ng isa para matis.	Kung nagyaalaman kayo, pwede kayong mag-order muna ng isa para matest.
1091	prd082	small_only	0.538	0.75	pang, indoor, use, lang, po, talaga	hindi po siya pwede sa labas, pang indoor use lang po talaga siya.	Hindi po siya pwede sa labas pa nindoor justo na puta lagos siya.	Hindi po siya pwede sa labas. Pangendorious na po talaga siya.
564	num055	small_only	0.435	0.857	october, thirteen, birthday, ng, aming, ngayong	october thirteen po ang birthday ng aming business partner ngayong taon.	Paktobr 13 po ang birte na hamming business partner niya yung taon.	October 13, ang birthday ng aming business partner ngayong taon.
392	fup083	small_only	0.519	0.774	baka, po, sakaling, pag, usapan, ang, tungkol, ating	baka po sakaling may oras na kayong pag usapan ang tungkol sa ating partnership ngayon.	Makapusakaling may oras na kayong pagbusapan na nantubod sa aking partnership ngayon.	Maka po sakaling may oras na kayong pag-usapan na ito po sa ating partnership ngayon.
514	num005	small_only	0.556	0.737	twenty, eight, date, ngayon, kalendaryo	august twenty eight po ang date ngayon sa ating kalendaryo.	August 28 po ang digyan sa ating calendario.	August 28 po ang date niyan sa ating kalendaryo.
1032	prd023	small_only	0.476	0.818	opo, pa, po, tayong, tatlong, piraso	opo, meron pa po tayong tatlong piraso na natitira sa store.	Kopo, meron paputayin tad lam pirasan na natitira sa store.	Opo, meron pa po tayong tatlang pirasa na natitira sa store.
7	cls008	small_only	0.462	0.833	sigurado, pong, matatanggap, nang, maayos, binili	sigurado pong matatanggap ninyo nang maayos ang lahat ng inyong binili ngayon.	Sige ron ay pumakatantap ninyo ng mga ayas ang lahat ng inyong bindi ngayon.	Sigurado po matatanggap ninyo na maayos ang lahat ng inyong binili ngayon.
1048	prd039	small_only	0.462	0.833	po, available, ang, mula, small, hanggang	yes po, available ang lahat ng sizes mula small hanggang extra large.	Yes, baka video ba lahat ng sizes mo last month ang nang extra-large?	Yes po, Avin, nabahal lahat ng sizes, mula small hanggang extra large.
845	pay086	small_only	0.483	0.815	nag, fail, paki, muna, balance, ng, account	kung nag fail po ang transfer, paki check muna ang balance ng inyong account.	Kung mag-faith po ang transfer, bakit check mo na ang balas na inyong aham.	Kung nag-fave po ang transfer, pakicheck muna ang balance ng inyong account.
320	fup011	small_only	0.516	0.786	receive, ninyo, narito, ako, tumawag, pabalik	na receive ko po ang miss call ninyo kaya narito ako para tumawag pabalik.	Na-diseip ko po ang miss call in niyo kaya na rito ko para tomawad po balay.	Na-receive ko pong miss call ninyo kaya narito ako para tumawag po balik.
144	dlv045	small_only	0.435	0.87	handa, ang, inyong, naghihintay, lang, sa, rider	handa na po ang inyong package at naghihintay na lang sa rider!	Handan na po yung package at naki-himpay na nang surider.	Handa na po yung package at naghihintay na lang sa rider.
314	fup005	small_only	0.519	0.786	sabi, niyo, tatawag, kayo, ngayong, desisyon	naalala ko po na sabi niyo tatawag kayo ngayong araw para sa desisyon niyo.	Naalala ko po na sarin nyo tapaw kayong araw para sa decision nyo.	Naalala ko po na sabi nyo, tatawag kayo ngayong araw para sa decision nyo.
639	obj030	small_only	0.522	0.783	ko, man, kayo, bigyan, bawal, talaga	sorry po ha, gusto ko man kayo bigyan ng discount, bawal talaga.	Sorry po ha, gusto kumanday ibedihan ng discount, ba wal tanlada.	Sorry po, ha. Gusto ko manda ibigyan ng discount. Bawal talaga.
809	pay050	small_only	0.522	0.783	huling, araw, pagbabayad, ay, sa, byernes	ang huling araw po ng pagbabayad ay sa susunod na byernes pa.	Ang huli harap po ng pagbabayet isa susunod na beerless pa.	Ang halihara po ng pagbabayad ay sa susunod na beerless pa.
823	pay064	small_only	0.522	0.783	please, indicate, your, order, number, remarks	please indicate your order number in the remarks section of the transfer.	Place indicator or renumber in the remark section of the transfer.	Place Indicator Order Number in the Remarks section of the Transfer.
213	dlv114	small_only	0.538	0.769	ise, separate, dalawang, sila, kasya, iisang	ise separate po ang dalawang items dahil hindi sila kasya sa iisang pouch.	Isse palit po ang dalagong items dahil hindi si Dakasha sa isang pouch.	I-separate po ang dalawang items dahil hindi sila kasha sa isang pouch.
526	num017	small_only	0.56	0.75	six, eighty, pesos, presyo, piraso, aming	six eighty pesos po ang presyo ng bawat isang piraso sa aming shop.	$6.80 po ang pressure ng bawat isang peraso sa anong shop.	P680 po ang presyo ng bawat isang peraso sa aming shop.
888	prc029	small_only	0.56	0.75	siningil, ay, yung, nakalagay, resibo	garantisado po na ang siningil ko lang ay yung nakalagay sa resibo.	Garantisado po na ang siya ko lang ayun na ka-day sa receibo.	Garantisado po na ang single call lang ay yung nakaraday sa resibo.
147	dlv048	small_only	0.48	0.833	ang, address, ninyo, mabilis, itong, makakarating	madali lang po hanapin ang address ninyo kaya mabilis po itong makakarating.	Madali lang po hanapin ng adesin nyo kaya mag-base po ito makakateng.	Madali lang po hanapin ng address ninyo kaya mabilis po itong makakating.
725	obj116	small_only	0.48	0.833	wag, po, kayong, policy, niyo, magustuhan	wag po kayong matakot, may return policy tayo kung hindi niyo magustuhan.	Mampu ka yung matakot, may return para si Tayo kung hindi niya magsukhan.	Pag po kayong matakot, may return policy tayo kung hindi niya magustuhan.
1024	prd015	small_only	0.5	0.818	pasensya, medyo, matagal, mag, restock	pasensya na, medyo matagal pa bago mag restock niyan sa supplier.	Masensyon na, medy mo Tagalog pa bago mo ng AIStaff niyan sa supplier.	Masensya na medyo matagal pa bago mag-aistock niyan sa supplier.
157	dlv058	small_only	0.522	0.8	magkano, karaniwang, papunta, probinsya	magkano po ang karaniwang shipping fee papunta sa inyong probinsya?	Magkana po ang kaman iyong shipping fee pa punta sa inyong province siya?	Magana po ang karaniyong shipping fee papunta sa inyong probinsya?
5	cls006	small_only	0.48	0.846	wag, po, kayong, babantayan, ko, hanggang, dumating	wag po kayong mag alala, babantayan ko mismo ang inyong order hanggang dumating.	Magpukoy mag-alala. Mabantayan kung mismo ang inyong order hang dandang matim.	Huwag po kayong mag-alala. Mabantayan ko mismo ang inyong order hanggang dumating.
163	dlv064	small_only	0.609	0.72	i, track, niyo, nila, gamit, ang	i track niyo na lang po sa website nila gamit ang reference number.	Itlock na lang po sa website nilagang itang reference number.	Itlock nyo na lang po sa website nila, ganit ang reference number.
23	cls024	small_only	0.571	0.762	three, hundred, sukli, ibibigay, ng	three hundred po ang inyong sukli na ibibigay ng rider bukas.	300 po ang inyong sukay na ibebegay na rider bukas.	300 po ang inyong sukay na ibibigay ng rider bukas.
599	num090	small_only	0.571	0.762	one, sa, susunod, nating, delivery	september one po ang date para sa susunod nating delivery schedule.	September 1 po ang date para sasusuna datang device schedule.	September 1 ang date para sa susunod dating delivery schedule.
641	obj032	small_only	0.5	0.833	mga, maaari, ninyong, ang, upang, makasiguro	maaari ninyong basahin ang aming mga reviews upang kayo ay mas makasiguro.	Baka rin yung basahin at aming reviews pa kayo ay mas makasigubo.	Maaari ninyong basahin ang aming mga reviews pa kayo ay mas makasigubo.
770	pay011	small_only	0.583	0.75	namin, ang, okay, niyo, ipa, pack	okay na po ang payment niyo, ipa pack na namin ang inyong order.	Bokin na po ang payment nyo, ipapaklan namin na inyong order.	Okay na po ang payment nyo. Ipapakla namin ang inyong order.
928	prc069	small_only	0.5	0.833	yung, nakalagay, resibo, ay, mismong, hinihingi	yung nakalagay po sa resibo ay ang mismong halaga na hinihingi namin.	Di na kailay po sa resebo ang mesmong halaga na hinigini namin.	Yung nakalagay po sa resibo ay ang mismo halaga na hiniginay namin.
358	fup049	small_only	0.417	0.917	makakaasa, kayong, hihintayin, pagbabalik, ninyo, ng, tulong	makakaasa kayong hihintayin ko ang inyong pagbabalik tuwing kailangan ninyo ng tulong.	Maka kasakayong higitayin ko ang inyong pang babalay. Tuwing kailangan inyong nagtulog.	Makakasa kayong hihintayin ko ang inyong pagbabalik tuwing kailangan ninyo ng tulong.
681	obj072	small_only	0.615	0.72	huwag, makatipid, nang, isinasakripisyo, ang	huwag kayong mag alala, tutulungan ko kayong makatipid nang hindi isinasakripisyo ang kalidad.	Kung kayong mag-alala, tutulungan ko kayong makaktipay ng hindi sininasak pipisyong kalidad.	Huwag kayong mag-alala, tutulungan ko kayong makaktipayad ng hindi sinasaktipisyong kalidad.
971	prc112	small_only	0.455	0.88	yung, susunod, payment, niyo, po, naka, schedule, katapusan	yung susunod na payment niyo po ay naka schedule sa katapusan ng buwan.	Binsus na napimidipo ay nakaskadol sa katapaposan ng buwan.	Yung susunod na payment po ay naka-schedule sa katapusa ng buwan.
586	num077	small_only	0.609	0.727	six, fifty, pesos, bayad, para	six fifty pesos po ang bayad para sa standard delivery service natin.	$6.50 po ang bayan pa sa standard delivery service natin.	P650 po ang bayan para sa standard delivery service natin.
496	grt087	small_only	0.562	0.774	magandang, hapon, pwede, bang, malaman, ang, niyo	magandang hapon! ito po ang customer service natin, pwede ko po bang malaman ang concern niyo?	Mabiandang hapo, ito po ang customer service natin. Puwede ko po mga raman ng concern nyo.	Mabendang hapon. Ito po ang customer service natin. Pwede ko po malaman ng concern nyo?
386	fup077	small_only	0.5	0.839	makakaasa, kayong, ibibigay, ang, reserbang, naka, assign	makakaasa kayong hindi namin ibibigay sa iba ang reserbang item na naka assign sa inyo.	Makakakasak ako yung hindi namin, ilibe kay sa iba akong the servile item na nakakasahin sa inyo.	Makakaasa kayong hindi namin ilibigay sa iba kang reserve ang item na naka-assign sa inyo.
944	prc085	small_only	0.417	0.923	siningil, po, kayo, ng, nag	siningil po kayo ng extra dahil nag request po kayo ng express delivery.	Sinigil bukayo na extra dahil nai-request bukayo na Express Delivery.	Siningyad po kayo ng Extra dahil nag-request po kayo ng Express Delivery.
34	cls035	small_only	0.593	0.75	mangyaring, itago, para, transaksyon	mangyaring itago ang inyong reference number para sa mga susunod ninyong transaksyon.	Mon niya rin ita ko ang inyong reference number pa sa mga susunod ninyong transaction.	Nangyaring, ipagawa ng inyong reference number para sa mga susunod ninyong transaksyon.
432	grt023	small_only	0.56	0.786	po, aming, shop, ako, pala, ano, pong, hanap	magandang araw! welcome po sa aming shop. ako pala si liza, ano pong hanap natin?	Magandang araw, welcome sa Amyshark. Pakopala si Liza, panapunghan natin.	Maganda araw. Welcome po sa aming shop. Ako pala si Liza. Panapuhanap natin.
649	obj040	small_only	0.56	0.786	niyo, na, lang, nakausap, si, mister	sige po, i message niyo na lang ako kapag nakausap niyo na si mister.	Sige po, i-message siya nalang ako kapag nakawasap na sinister.	Sige po, i-message yun na lang ako kapag nakausap yun na si Mr.
47	cls048	small_only	0.435	0.917	confirmed, na, po, ang, inyong, ready	yay, confirmed na po ang inyong order at ready na for shipping!	Yay! Confirm that ball in your order at Reddina for shipping.	Yay! Confirm na po ang inyong order at ready na for shipping.
141	dlv042	small_only	0.522	0.833	pong, parcel, ninyo, nandiyan, na, raw	wow, ang bilis pong dumating ng parcel ninyo, nandiyan na raw agad!	Wow! Ang bilis pang dumating ng person nyo. Nan-general agad.	Wow! Ang bilis pong dumating ng person nyo! Nandiyan na raw agad!
146	dlv047	small_only	0.522	0.833	malapit, na, po, mismong, ninyo	naku, malapit na malapit na po yung rider sa mismong bahay ninyo!	Naku, manapid na manapid ako yung rider sa misong bahay nyo.	Nako, malapit na malapit na po yung rider sa mismong bahay nyo.
1046	prd037	small_only	0.522	0.833	opo, na, sikat, produktong, iyan, mamimili	opo, sikat na sikat po ang produktong iyan sa aming mga mamimili.	Popo, sikat nasifat po ang productong yan sa aming mga naminid.	Opo, sikat na sikat po ang produktong yan sa aming mga maminili.
1100	prd091	small_only	0.522	0.833	bale, apat, piraso, na, lang, kasya	bale apat na piraso na lang po ang kasya sa isang pouch.	Balea, 4 napilasa na ng po ang kasas sa isang pouch.	Bale, apat na pirasa na lang po ang kaso sa isang pouch.
187	dlv088	small_only	0.64	0.72	paki, check, para, kumpirmasyon, ng	paki check po ang inyong email para sa kumpirmasyon ng inyong tracking number.	Pakachet po ang inyong email pa sa comparmasyon na inyong tracking number.	Pakicheck po ang inyong email pa sa kompirmasyon ng inyong tracking number.
363	fup054	small_only	0.64	0.72	tumatawag, na, ang, inaabangan, ninyong	tumatawag ako para i update kayo na dumating na ang inaabangan ninyong kulay.	Temataw ako para i-update kayo na dumating nani naaban yung kulay.	Tagalog ako para i-update kayo na dumating na inaabahan niyong kulay.
689	obj080	small_only	0.64	0.72	wag, niyo, na, isipin, maganda	wag niyo na po masyadong isipin yung presyo, maganda po talaga yung item.	Waw nila po masyadong isiping yung presyo. Maggadap po talaga yung item.	Huwag nila po masyadong isipin yung presyo. Magdada po talaga yung item.
466	grt057	small_only	0.533	0.828	po, magandang, camille, pong, ang, ngayon	hi po, magandang araw! camille here, ano pong concern ang pwede kong sagutin ngayon?	Hi! Pwang maganda araw o coming here. Ano po concern ng pwede kong sagutin nyo yun?	Hi po, magandang araw, Camille here. Ano po concern ang pwede kong sagutin niyo yun?
37	cls038	small_only	0.593	0.769	ready, na, lang, bayad, ninyo	paki ready na lang po ang bayad ninyo kapag dumating na ang rider.	Paki sa'y din alam po ang bayating ako kapag dumating na ang rider.	Okay, pwede na lang po ang bayad niyo kapag dumating na ang rider.
732	obj123	small_only	0.593	0.769	maiintindihan, gusto, ninyo, munang, ng	maiintindihan ko kung gusto ninyo munang mag ipon bago bumili ng malaking item.	Mahindindiyan ko kung gustoin nyo mo na mag-ipon bago bumili na malaking item.	Mayintindihan ko kung gusto nyo muna mag-ipon bago bumili ng malaking item.
741	obj132	small_only	0.593	0.769	makikita, ninyo, malinaw, detalyado, pagkakagawa	makikita ninyo po na mas malinaw at detalyado ang pagkakagawa ng aming produkto.	Pakikita yung yun po na mas marina at italiado ang pagtakagawa ng aming produkto.	Pakikita ninyo po na mas marinaw at italyado ang pagkakagawa ng aming produkto.
931	prc072	small_only	0.593	0.769	maramihan, kinuha, ninyo, bababa, pa	kapag maramihan po ang kinuha ninyo, mas bababa pa po ang unit price.	Kapag marami ang po ang tinoan nyo, mas mabag ba po ang unit price?	Kapag maramihan po ang tinuhan nyo, mas mababa pa po ang unit price.
769	pay010	small_only	0.636	0.727	mabuti, umokey, na, yung	mabuti naman po at umokey na yung transfer niyo sa wakas!	Pabuti naman po at tamukin ay ang transfer niyo sa wakas.	Pabuti naman po at umukay na yung transfer nyo sa wakas.
921	prc062	small_only	0.636	0.727	computation, nagkakahalaga, seven, thousand	sa computation po natin, nagkakahalaga ito ng seven thousand lahat lahat.	Sa commutation po natin, nagkakahanagay ito ng 7,000 lahat-lahat.	Sa computation po natin, nagkakakanado ito ng 7,000 lahat-lahat.
965	prc106	small_only	0.636	0.727	magiging, doble, babayaran, kukunin	magiging doble po ang babayaran niyo kung dalawang set ang kukunin.	Mabiging double po ang babayanan niyo kung dalawang set ang pukunin.	Mabiging doble po ang babayaran nyo kung dalawang set ang pukunin.
87	cls088	small_only	0.519	0.846	babye, maraming, salamat, pagpili, aming, shop	sige po, babye na po at maraming salamat sa pagpili sa aming shop!	Sige po, babay na po at marami sa namad sa pangpili sa amin siya.	Sige po, mabay na po at maraming salamat sa pagpilis sa aming shop.
245	dlv146	small_only	0.583	0.783	ang, bayad, po, sagutin, customer	ang bayad po para sa return shipping ay sagutin na ng customer.	Pang bayay pa para sa return shipping ay saputin na ng costumer.	Pambayad po para sa return shipping ay sabutin na ng customer.
890	prc031	small_only	0.583	0.783	naiintindihan, kaya, binigyan, presyo	naiintindihan ko po, kaya binigyan ko na kayo ng pinakamababang presyo.	May hindihan ko po, pre-habin hindihan ko na kayo ng pinakamababang preso.	May hindihan ko po, kaya binindihan ko na kayo ng pinakamababang presyo.
95	cls096	small_only	0.444	0.923	maraming, salamat, napakabilis, ninyong, pagtugon, isang, magandang	maraming salamat po sa napakabilis ninyong pagtugon, isang magandang hapon po sa inyo!	Manami sananat po sa nakakabidisi yung pagtubon, isa maganda ng hapon po sa inyo!	Maraming salamat po sa napakabilis yung pagtugon. Isang magandang hapon po sa inyo!
333	fup024	small_only	0.444	0.923	kung, tawagan, kayo, ulit, kulang, ninyong, dokumento	sorry po kung napilitan akong tawagan kayo ulit para sa kulang ninyong dokumento.	Sorry po kong napilitan akong tawad van tayo ulait para sa kuulang niyan documento.	Sorry po kung napilitan akong tawagan tayo ulit para sa kulang ninyong dokumento.
731	obj122	small_only	0.571	0.8	wag, po, kayong, pwede, niyo, bago	wag po kayong mag alala, pwede niyo itong i check bago niyo ibigay ang bayad.	Pukayong mag-alala, pwading nga itong i-check, maawin nga ibigay ang bayad.	Huwag po kayong mag-alala. Pwede nga itong i-check bago nga ibigay ang bayad.
325	fup016	small_only	0.533	0.839	busy, po, kailan, ko, kayo, pwedeng, tawagan	kung busy po kayo ngayon, kailan ko po kayo pwedeng tawagan ulit para i follow up?	Kung bisipo kayo ngayon, sayang kapukayo pwede ng tawadan ulit para i-follow up.	Kung busy po kayo ngayon, kaya po kayo pwedeng tawadan ulit para i-follow up.
633	obj024	small_only	0.455	0.917	kung, mukhang, scam, legit, ang, aming, shop	sorry po kung mukhang scam, pero legit po ang aming online shop.	Sorry po kumukang sam, pero nagigit po kami online siya.	Sorry po kung mukhang spam, pero legit po ang aming online shop.
747	obj138	small_only	0.455	0.917	narito, po, upang, magbigay, ng, matagal, na	narito po kami upang magbigay ng solusyon sa inyong matagal na problema.	Naritupo kami yung pamabigay na solusyon sa inyong matadana problema.	Narito po kami upang magbigay ng solusyon sa inyong matadal na problema.
326	fup017	small_only	0.516	0.857	iiwan, lang, ng, mensahe, mukhang, ngayon	mag iiwan lang po ako ng mensahe dahil mukhang hindi po kayo available ngayon.	Mag-iwan ang po ako naman sa'ya dahil mo kong hindi po kayo available niya yun.	Mag-iwan na po ako ng mensahe dahil mukhang hindi po kayo available ngayon.
355	fup046	small_only	0.6	0.774	pasensya, istorbo, lang, i, numero, ninyo	pasensya na po sa istorbo, gusto ko lang i confirm kung tama ang numero ninyo.	Pasensyon na po sa Istobo, gusto ko naki-confirm kung tama ang mga ngayon nyo.	Pasensya na po sa Istobo. Gusto ko lang i-confirm kung tama ang mga meron nyo.
398	fup089	small_only	0.562	0.812	kakilala, gustong, kumita, sa, pamamagitan, reseller, niyo	kung may kakilala kayong gustong kumita sa pamamagitan ng pag reseller, sabihin niyo lang sa amin.	Kung may kakailala kayong gusto kumitasap ka mamaditan ng pag-vissellers, sabihin nyo lang sa amin.	Kung may kakilala kayong gustong kumita sa pamamaditan ng pag-bestseller, sabihin nyo lang sa amin.
710	obj101	small_only	0.519	0.857	wag, mag, alala, na, rin, customer, diyan	wag po mag alala, marami na rin po kaming naging customer diyan sa inyo.	Kung po magalala, marami nila yung po kaming naging costumer dyan sa inyo.	Huwag po mag-alala, marami na rin po kaming naging customer dyan sa inyo.
558	num049	small_only	0.545	0.833	six, po, ng, kulay, blue, natitira	six boxes po ng kulay blue ang natitira sa aming main inventory.	6 boxes punang ulaibu ang matitira sa aming main inventory.	6 boxes po ng kulay blue ang matitira sa aming main inventory.
408	fup099	small_only	0.621	0.759	inyong, makakaasa, po, hihintayin, gabi	makakaasa po kayong hihintayin ko ang inyong pagtawag kahit abutin pa tayo ng gabi.	Makakasap ko kayong hintayin ko kong hindi ang pagtawag kahit abutin pa tayo ng day.	Makakasa po kayong hikipayin ko ang hindi ang pagtawag kahit abutin pa tayo ng gabi.
64	cls065	small_only	0.583	0.8	maraming, akong, matanggap, ninyo, napiling	maraming salamat po, excited na akong matanggap ninyo ang inyong napiling item!	Manami salamat po, excited na ako matagap nyo ang inyong napihing item.	Maraming salamat po. Excited na akong matala po ninyo ang inyong napihing item.
32	cls033	small_only	0.538	0.846	ia, na, po, namin, ang, pickup	once the system validates your request, ia arrange na po namin ang pickup.	Once the system validates your request, tiya arrange sa punayaman ng pay-tap.	Once the system validates your request, tia-arrange na po namin ang playtop.
69	cls070	small_only	0.643	0.741	na, po, nang, maayos, suporta	na process na po natin nang maayos, salamat po sa inyong tiwala at suporta!	Na-process tapo natin ang makayos. Salamat po sa inyong tiwala at support pack.	Naprocess na po natin ng maayos. Salamat po sa inyong tiwala at support.
345	fup036	small_only	0.615	0.769	tumatawag, po, kamustahin, naging, ng	tumatawag po ako para kamustahin kung kumusta ang naging takbo ng inyong negosyo.	Tumatawap ako para kumusta heng, kung kumusta ang medging takbo na inyong negosyo.	Tumatawa po ako para kumustahin kung kumusta ang maging takbo ng inyong negosyo.
806	pay047	small_only	0.615	0.769	tumatanggap, po, para, mga, ganito	tumatanggap po kami ng cash on delivery para sa mga order na ganito.	Tamatanggap mo kami ng cash on delivery pa sa ngang order na danyito.	Tamatanggap po kami ng cash on delivery pa sa mga order na danito.
994	prc135	small_only	0.462	0.923	wala, tayong, presyo, system, generated, po, iyan	wala na po tayong magagawa sa presyo kasi system generated na po iyan.	Gula na po tayo magagawa sa price o kasi sista engine na rindadapoyan.	Wala na po tayong magagawa sa presyo kasi system generated na po yan.
803	pay044	small_only	0.667	0.72	paki, send, na, lang, gcash	paki send na lang po yung screenshot ng inyong gcash transaction sa messenger.	Atisendan ang po yung screenshot ng inyong G-Transaction sa Messenger.	Pakisenda lang po yung screenshot ng inyong si Josh Transaction sa Messenger.
10	cls011	small_only	0.571	0.818	babasahin, lang, po, ulit, makasiguro	babasahin ko lang po ulit ang inyong order para makasiguro tayo.	Magbasahin ko ng polit ang inyong order para makasigaw tayo.	Mabasahin ko lang po ulit ang inyong order para makasiglo tayo.
879	prc020	small_only	0.571	0.818	oo, naman, sagot, fee, niyan	oo naman po, sagot na po namin ang shipping fee niyan.	Ohanan po, sabud na po namin ang shipping fin yan.	Oo lang po, sabot na po namin ang shipping fee niyan.
647	obj038	small_only	0.64	0.75	maaari, upang, ninyo, nang	maaari po kayong bumisita sa aming tindahan upang makita ninyo nang personal.	Makari po kayong bumisita sa aming tindahan at makita'y nyo ng personal.	Makari po kayong bumisita sa aming tindahan upang makita nyo ng personal.
935	prc076	small_only	0.64	0.75	babasahin, itemized, malinaw, ang	babasahin ko po ang itemized breakdown para malinaw sa atin ang computation.	Pabasahing ko po ang item ay breakdown para malingno sa atin ng computation.	Pabasahin ko po ang itemize breakdown para malino sa atin ang computation.
554	num045	small_only	0.609	0.783	twenty, eight, meron, ang, taon	twenty eight days lang po ang meron ang february sa ordinaryong taon.	28 days lang po ang mayroon ng February sa Ordinaryong Takon.	28 days lang po ang meron ng February sa ordinaryong taon.
1058	prd049	small_only	0.609	0.783	ng, kaunti, yung, kumpara	mas malaki po ng kaunti yung bagong model kumpara sa luma.	Mas malaki po nang conti ang bagong model kung pa sa luma.	Mas malaki po ng konti yung bagong model po para sa luma.
119	dlv020	small_only	0.476	0.917	huwag, mabahala, pong, darating, ninyo, mag, weekend	huwag pong mabahala, sigurado pong darating ang order ninyo bago mag weekend.	Pong pumabahala, sigurado pundalating ang order niyo bago maglikin.	Huwag pong mabahala. Sigurado pong darating ang order nyo bago mag-weekend.
876	prc017	small_only	0.593	0.8	naka, promo, fifty, bawat, piraso	naka promo po tayo na less fifty pesos sa bawat additional na piraso.	Nahaparoma po tayo na less than 50 pesos sa bawa an additional na pilaso.	Nakapromo po tayo na less 50 pesos sa bawat additional na piraso.
962	prc103	small_only	0.56	0.833	nakahiwalay, resibo, bayad, deliver, gamit	nakahiwalay po sa resibo ang bayad para sa pag deliver ng gamit.	Pahewal ay po sa decibo ang bayat para sa pag-deliverin ng damit.	Pahewalay po sa lisibwa ang bayad para sa pag-deliver ng gamit.
1095	prd086	small_only	0.48	0.917	susubukan, pong, paparating, na, bagong, stocks	susubukan ko pong hanapin sa system kung may paparating na bagong stocks.	Su-surbukan ko po ang hanapin sa system kung may papatating nabagbong status.	Susubukan ko pong hanapin sa system kung may paparating na bagong status.
1106	prd097	small_only	0.48	0.917	tingnan, kabilang, meron, silang, stock, niyan	tingnan ko po sa kabilang branch natin kung meron silang stock niyan.	Tinggang ko po sa kabilyang branch natin kung may run siyang stack nyan.	Tingnan ko po sa kabilang branch natin kung mayroon silang stock niyan.
9	cls010	small_only	0.636	0.762	makakaasa, po, maipapadala, agad	makakaasa po kayong maipapadala agad namin ito bukas na bukas din.	Makakasap ko kayong may papadalaga namin ito bukas na bukas din.	Makakasa po kayong maipapadalagan namin ito bukas na bukas din.
343	fup034	small_only	0.571	0.828	love, giving, refer, their, our, shop	we love giving special discounts to customers who refer their friends to our shop.	We will give special discounts to customers who are for dear friends to AIStaff.	We are giving special discounts to customers who refer to your friends to our shop.
693	obj084	small_only	0.4	1.0	asahan, na, tutulungan, ko, kayo, mula, ngayon, makuha	asahan po ninyo na tutulungan ko kayo mula ngayon hanggang makuha ang parcel.	Saan po ninyo natutolong mamukayo mo lang mayyong hanggang bakuka ang parcel?	Asahan po ninyo na tutulungan ko kayo mula ngayon hanggang makuha ang parcel.
443	grt034	small_only	0.615	0.786	nakuha, ko, na, wag, aayusin, iyan	sige po, nakuha ko na ang details. wag kayong mag alala, aayusin natin iyan.	Sige po, nakawakon ang details. Pag kayong mag-alala, ayusin natin yan.	Sige po, nakuha ko na ang details. Huwag kayong mag-alala, ayosin natin yan.
212	dlv113	small_only	0.56	0.846	sisingilin, ng, dagdag, ipapabago, ninyo, address	sisingilin po kayo ng dagdag kung ipapabago ninyo ang address on the day.	Sisingin po kayo nandagdag kung ipapababonin nyo ang Madness on the Day.	Sisingin po kayo ng dagdag kung ipapagbabo ninyo ang address on the day.
89	cls090	small_only	0.593	0.815	salamat, po, masayang, chikahan, pino, process	salamat po sa masayang chikahan natin habang pino process ko ang inyong order ngayon!	Sa nakapos sa masayon, chika natin habang pinoprasess ko ang inyong order ngayon.	Salamat po sa masayang tsikahan natin habang pinaprocess ko ang inyong order ngayon.
457	grt048	small_only	0.593	0.815	pasensya, closed, opisina, pwede, tumawag, bukas	pasensya na po, closed na ang aming opisina ngayon. pwede po kayong tumawag bukas.	Pasensyon na po, close na ang aming opisinong ngayon. Puwede po kayong tumawabukas.	Pasensya na po. Close na ang aming opisina ngayon. Pwede po kayong tumakabukas.
750	obj141	small_only	0.615	0.8	mas, nakabubuti, nga, na, sigurado	mas nakabubuti nga po na sigurado kayo bago kayo maglabas ng inyong pera.	Basta ka bubuti na po nasiglado kayo bago kayo maglabas ng inyong pera.	Mas nakabubuti na po nasigulado kayo bago kayo maglabas ng inyong pera.
40	cls041	small_only	0.583	0.833	resibo, ninyo, ipapadala, mismong, kahon	ang resibo po ninyo ay ipapadala kasama ng mismong package sa kahon.	Ang disibu po hinyo ay papadala kasama ng mismo package sa kakon.	Ang desibo po ninyo ay papadala kasama ng mismong package sa kahon.
812	pay053	small_only	0.583	0.833	kayong, kahit, anong, bangko, na	pwede po kayong magbayad sa kahit anong branch ng bangko na malapit.	Pwede po kayo magbayad sa kahita ng branch ng bankon ng malapit.	Pwede po kayo magbayad sa kahit anong branch ng banko na malapit.
953	prc094	small_only	0.583	0.833	nakadepende, po, bigat, mismong, ninyo	nakadepende po ang shipping rate natin sa bigat ng mismong package ninyo.	Nakadependip ang shipping rate natin sa billyad ng mismo package in niyo.	Nakadepende po ang shipping rate natin sa billet ng mismong package nyo.
977	prc118	small_only	0.583	0.833	naniningil, ng, para, simpleng, alterations	hindi na po kami naniningil ng extra para sa mga simpleng alterations.	Hindi na po kami naningin na extra pa sa mga simplin iterations.	Hindi na po kami naningin na extra para sa mga simpleng alterations.
650	obj041	small_only	0.417	1.0	nasa, inyo, po, desisyon, itutuloy, ninyo, pagbili	nasa inyo po ang huling desisyon kung itutuloy ninyo ang pagbili ngayon.	Nasayin niyo pa ang huling decision kung itotulin niyo ang pabilingay ngayon.	Nasa inyo po ang huling desisyon kung itutuloy ninyo ang pagbili ngayon.
933	prc074	small_only	0.667	0.75	above, five, thousand, we	for purchases above five thousand, we automatically waive the delivery fee entirely.	For purchases about $5,000, you automatically waive the delivery fee entirely.	For purchases above $5,000, you automatically waive the delivery fee entirely.
464	grt055	small_only	0.667	0.759	magandang, umaga, si, nicole, maitutulong	magandang umaga po! ako si nicole, may maitutulong ba ako sa mga inquiries niyo?	Madagumada po, ako sinitul. May mga itutulong ba ako sa mga inquiries niyo?	Madalang umaga po, ako si Nicole. May mga ituturong ba ako sa mga inquiries nyo?
220	dlv121	small_only	0.538	0.889	mag, iwan, na, lang, kayo, ng, pambayad	mag iwan na lang po kayo ng pambayad sa inyong kasama sa bahay bukas.	Pag-iwanan mo po kayang pambayat sa inyong kasama sa bahay bukas.	Mag-iwan na lang po kayong pambayad sa inyong kasama sa bahay bukas.
794	pay035	small_only	0.571	0.857	babalik, din, account, ninyo, pera	babalik din po sa account ninyo ang nabawas na pera bukas.	Mabalitin po sa accounting nyo ang nabawas na para bukas.	Mabalitin po sa account ninyo ang nabawas na pera bukas.
169	dlv070	small_only	0.583	0.846	pakisabi, lang, po, sa, ninyo, gustong	pakisabi na lang po sa rider kung saan ninyo gustong iwan ang box.	Pakasabi na nang posa rider kung saan yung iwan ang box.	Pakasabi na lang po sa rider kung saan nyo gustong iwan ang box.
880	prc021	small_only	0.667	0.762	bongga, discount, niyo, rito	bongga po ang discount niyo rito dahil suki na po kayo.	Bunga po ang niscondio dito dahil suki na po kayo.	Bunga po ang discount nito dahil suki na po kayo.
22	cls023	small_only	0.69	0.741	pagkatapos, ngayon	i will process the invoice pagkatapos na pagkatapos ng ating pag uusap ngayon.	I will process the invoice pa tatapos na pa tatapos ng ating pag-uusap na yan.	I will process the invoice patatapos na patatapos ng ating pag-uusap na yan.
671	obj062	small_only	0.5	0.933	wag, po, kayong, na, ma, scam, kami	wag po kayong mag alala na ma scam, may physical store po kami sa makati.	O'n pukayong mag-alala ng Mascam, may physical store pukami sa Makati.	Huwag po kayong mag-alala na ma-scam. May physical store po kami sa Makati.
775	pay016	small_only	0.435	1.0	na, receive, resibo, tuloy, ang, transaction	na receive na po namin ang inyong resibo kaya tuloy na ang transaction.	Narisita po namin ang inyong resebo kaya tori ng transaksyon.	Na-receive na po namin ang inyong resibo kaya tuloy na ang transaction.
437	grt028	small_only	0.667	0.769	maaari, kong, maipaglingkod, ngayong	magandang hapon po sa inyo. ano po ang maaari kong maipaglingkod ngayong araw?	Magandang hapon po sa inyo. Ano po ang maali ko may paglingod niyang araw?	Magandang hapon po sa inyo. Ano po ang maaari kumay paglintod niyang araw?
1069	prd060	small_only	0.593	0.846	on, stock, ngayon, tatlong, piraso	may on stock po tayo ngayon, pero tatlong piraso na lang ang natitira.	May onslaq po tayo na yun pero tad yung pilasan na lang ang natitira.	May on-stack po tayo ngayon, pero tatlong pilaso na lang ang natitira.
103	dlv004	small_only	0.64	0.8	paumanhin, kung, agad, na, courier	paumanhin po kung hindi agad na update ang tracking system ng ating courier.	Pagmanhin po kong hindi adad-update ang tracking system ng ating prayer.	Paumanhin po kung hindi nada-update ang tracking system ng ating career.
234	dlv135	small_only	0.64	0.8	pinakamalapit, sa, kabilang, kanto	ang pinakamalapit po na branch sa inyo ay nasa kabilang kanto lang.	Ang pinakamalaapit po na branch ay inyo ay nasa kabay ng kanta lang.	Ang pinakamalapit po na branch sa inyo ay nasa kabi ng kanta lang.
825	pay066	small_only	0.64	0.8	nakadepende, karagdagang, pag, send	nakadepende po sa bangko ninyo kung may karagdagang charge ang pag send.	Takadependay po sa bangko ninyo kung may carod dead on charge ang pagsend.	Nakadepende po sa banko ninyo kung may tagalog dadang charge ang pag-send.
868	prc009	small_only	0.64	0.8	magiging, six, hundred, siya, code	yes po! magiging six hundred na lang po siya dahil sa promo code.	Yes po, madihin 600 na lang po sya dahil sa promo call.	Yes po, magiging 600 na lang po siya dahil sa promo call.
680	obj071	small_only	0.692	0.75	naiintindihan, kung, pangmatagalan	naiintindihan ko po kung mahal, pero pangmatagalan po kasi ang tibay nito.	Ngayon tinggihan ko po kong mahal, pero pang matagaran po kasi ang tibay nito.	Naintindihan ko po kong mahal pero pamatagalan po kasi ang tibay nito.
1097	prd088	small_only	0.609	0.833	may, kasama, itong, binili, niyo	may kasama na po itong freebie kapag binili niyo ang buong set.	Baitasama na po itang freebie kapag beli niya ang buong set.	May kasama na po itong Phoebe kapag binili niya ang buong set.
48	cls049	small_only	0.519	0.923	magandang, maraming, salamat, walang, sawang, pagtangkilik	magandang araw po at maraming salamat sa inyong walang sawang pagtangkilik sa amin!	Pagandang araw po at mga misalamat sa inyong wala sa wang pagtagkilik sa amin.	Magandang araw po at maraming salamat sa inyong walang sawang pagtagkilik sa amin.
383	fup074	small_only	0.643	0.8	pong, ipaalala, naghihintay, para, susuking, suki	nais ko lang pong ipaalala na may naghihintay na promo para sa mga susuking suki.	Nais ko lang pukipalala na may nagigintay na promo pa sa mga susupinsukay.	Nais ko lang po ipaalala na may nagihintay na promo para sa mga susupin suki.
726	obj117	small_only	0.696	0.75	kayo, pinapahalagahan, bibiguin	kayo po ay aming pinapahalagahan, kaya hindi namin kayo bibiguin sa kalidad.	Pero po ay aming pinarahaladahan, kaya hindi namin gaibibiging sa kalidad.	Pero po ay aming pinarahaladahan, kaya hindi namin kayo bibigyan sa kalidad.
1009	prc150	small_only	0.696	0.75	pumatak, po, four, thousand	pumatak po ng four thousand, kasama na po yung delivery at taxes.	Pumatakpo ng 4,000, kasama na po yung delivery at taxes.	Pumatak po ng 4,000 kasama na po yung delivery at paxes.
198	dlv099	small_only	0.615	0.833	kailangan, pirma, ninyo, bago	kailangan po ng pirma ninyo bago ibigay ng rider ang inyong item.	Pili jaman po ng film rin nyo bako ibigay ng rider ang inyong item.	Piliyaman po ng pirma nyo bago ibigay ng rider ang inyong item.
82	cls083	small_only	0.621	0.828	i, pack, agad, pong, dumating	sige po, i pack na namin ito agad agad para mabilis pong dumating sa inyo!	Sige po, pipa na namin ito aga daliyan para mabilis pung damating sa inyo.	Sige po, ipak na namin ito agad-agad para mabilis pong damating sa inyo.
961	prc102	small_only	0.552	0.897	aking, presyo, tumaas, kaya, nag, kami	ang binigay po sa aking presyo ng supplier ay tumaas kaya nag adjust kami.	Ang binigay po sa akin pressure ng supplier ay tamag-askin at adjust sa may.	Ang binigay po sa aking presyo ng supplier ay tumaas kaya nag-adjust siya may.
533	num024	small_only	0.593	0.857	nine, lang, available, stock, na, iyon	nine pieces na lang po ang available stock natin para sa design na iyon.	Maying pieces na nang po ang abe, nabostak natin para sa design ngayon.	Mahing pieces na lang po ang available stock natin para sa design na yun.
365	fup056	small_only	0.667	0.786	po, kamustahin, nasubukan, niyo, produktong	gusto ko lang po kamustahin kung nasubukan niyo na ang bagong produktong ipinadala namin.	Gusto ko lang pukumustayin kung masubukay niya na ang bagong produkto ipinadala namin.	Gusto ko lang po kumustahin kung nasubukan niya na ang bagong produkto ipinadala namin.
158	dlv059	small_only	0.636	0.818	kadalasan, inaabot, tatlong, bago	kadalasan po ay inaabot ng tatlong araw bago makarating sa inyo.	Tadarasan po ay inaabog ng 3 araw babang makarating sa inyo.	Kadalasan po ay inaabot ang tatlong araw babo makarating sa inyo.
758	obj149	small_only	0.714	0.741	po, umorder, pwedeng	wag po kayong ma pressure umorder ngayon, nandito lang kami pwedeng balikan bukas.	Wag buko kayong ma-pressure o marbier ngayon, nandito lang kami pwede yung balikan bukas.	Huwag po kayo ma-pressure o murder ngayon. Nandito lang kami pwedeng balikan bukas.
330	fup021	small_only	0.6	0.857	magpapadala, sakaling, kayo, maabutang, online	magpapadala na lang po ako ng text message sakaling hindi ko kayo maabutang online.	Mapapadala na lang po ako ng text message sa kaning hindi ko kaya maabotan ko nain.	Mapapadala na lang po ako ng text message sakaling hindi ko kaya maabutang online.
522	num013	small_only	0.696	0.762	three, thirty, pm	three thirty pm po darating ang rider sa inyong bahay mamaya.	3.30 p.m. po darating ang rider sa inyong bahay mamaya.	3.30pm po darating ang rider sa inyong bahay mamaya.
225	dlv126	small_only	0.615	0.846	po, tayong, delay, courier, mismong	wala po tayong magagawa sa delay kung ang problema ay sa courier mismong.	Wala puta yung magagawa sa dili kung ang problema ay sa queer mismo.	Wala po tayong magagawa sa delay kung ang problema ay sa career mismo.
538	num029	small_only	0.692	0.769	twelve, loob, ng, maliit	twelve pieces po ang kasya sa loob ng maliit na pouch na ito.	12 pieces po ang kasya sa log na malit na pouch na ito.	Tulad pieces po ang kaso sa loob na maliit na pouch na ito.
707	obj098	small_only	0.692	0.769	hesitation, pwede, tayong, niyo	kung may hesitation po kayo, pwede tayong mag video call para makita niyo.	Kung may incitasyon po kayo, puwede tayo mag-video call para makita nyo.	Kung may esitasyon po kayo, pwede tayo mag-video call para makita nyo.
1070	prd061	small_only	0.615	0.846	iche, check, saglit, na, yung	iche check ko lang saglit kung dumating na yung delivery mula sa supplier.	Nito chat ko lang sa glit kung dumating nai-delivery mula sa supplier.	Ito check ko lang saglet kung dumating na yung delivery mula sa supplier.
17	cls018	small_only	0.667	0.8	detalye, ninyo, system, ngayon	ipapasok ko na po ang mga detalye ninyo sa aming system ngayon.	Ipapasok ko na po ang mga detalin nyo sa aming sistem niyan.	Ipapasok ko na po ang mga detail ninyo sa aming system na yun.
349	fup040	small_only	0.6	0.867	nais, pong, itanong, kung, ng, maayos	nais ko lang pong itanong kung na deliver na ba ng maayos ang inyong package.	Nice ko lang po itanom ko na deliver na ba na maayas ang inyong package.	Nais ko lang po itanong kung na-deliver na ba na maayos ang inyong package.
409	fup100	small_only	0.6	0.867	maraming, pakikipag, usap, hihintayin, lamang, desisyon	maraming salamat po sa pakikipag usap sa akin, hihintayin ko na lamang ang inyong desisyon.	Mami, salamat po sa pakikipagusok sa akin. Ikita'y ko na lang ang inyong decision.	Mami, salamat po sa pakikipag-usap sa akin. Hihitay ko na lamang ang inyong desisyon.
722	obj113	small_only	0.667	0.8	lang, mag, duda, na, legit	okay lang po na mag duda kayo, pero ipapakita ko na legit kami.	Okay nang po na maglinda kayo, pero ipapakita ko naligit kami.	Okay na po na maglinda kayo, pero ipapakita ko na legit kami.
782	pay023	small_only	0.667	0.8	ayan, successful, gcash	ayan, successful na po ang inyong gcash transfer, salamat po nang marami!	Pa'yan, sasas ko na po ang inyong G-Trust Transfer. Salamat po nang marami!	Ayan, successful na po ang inyong G-Trust Transfer. Salamat po ng marami!
500	grt091	small_only	0.615	0.857	ko, lang, i, niyo, malinaw, rider	i note ko lang po ang sinabi niyo para malinaw sa ating delivery rider.	In note po ang sinabi nyo para malinao sa ating delivery waiter.	In-note ko lang po ang sinabi nyo para malinaw sa ating delivery rider.
59	cls060	small_only	0.64	0.833	masiglang, aasikasuhin, ko, na	salamat po sa masiglang kwentuhan, aasikasuhin ko na po ang inyong package!	Salamat po sa masigdang kwentuhan. Asigas mo yung gano po ang inyong package.	Salamat po sa masigilang kwentuhan. Sigasunin ko na po ang inyong package.
627	obj018	small_only	0.64	0.833	naiintindihan, gusto, niyo, mura	sorry po, naiintindihan ko kung gusto niyo muna maghanap ng mas mura.	Sorry po, na intingdihan ko kung busyong yung muna maghanap ng mas mula.	Sorry po, naintindihan ko kung gusto nyo muna maghanap ng mas mura.
801	pay042	small_only	0.64	0.833	please, copy, deposit, slip	please send a copy of the deposit slip to our email address.	The send of a pair of the deposits led to our email address.	Please send a copy of the deposits led to our email address.
907	prc048	small_only	0.64	0.833	ang, presyo, paumanhin, kabilang	paumanhin po, hindi po namin kaya tapatan ang presyo ng kabilang tindahan.	Pag umamhing po, hindi po namin kaya tapatan ng presya ng kabilan tindahan.	Paumanhing po, hindi po namin kaya tapatan ang presya ng kabilang tindahan.
983	prc124	small_only	0.64	0.833	lumampas, po, panibagong, na	pag lumampas po kayo sa oras, may panibagong charge na po tayo.	Pag-wag ng paspo kayo sa oras, may panibabong charge siya po tayo.	Pag mampas po kayo sa oras, may panibabong charge na po tayo.
1067	prd058	small_only	0.56	0.917	pareho, sila, ng, lang, talaga	pareho lang po sila ng features, nagkaiba lang talaga sa brand name.	Parang ako lang po sa nanong features nagkaiba nang tanaga sa brand name.	Pareho lang po sila ng features, nagkaiba ng talaga sa brand name.
473	grt064	small_only	0.692	0.786	bang, mahingi, niyo, para, ma	pwede po bang mahingi ang buong pangalan niyo para ma search ko sa records?	Pwede po kumahingi ang buong pangalan nyo apama search ko sa records.	Pwede po ko mahingi ang buong pangalan nyo pa ma-search ko sa records?
19	cls020	small_only	0.609	0.87	bale, pito, ang, items, na	bale pito po lahat ang items na ipadadala namin sa inyong bahay.	Maripita po lahat o item sa ipadadala namin sa inyong bahay.	Maripita po lahat ang items na ipadadala namin sa inyong bahay.
161	dlv062	small_only	0.696	0.783	provincial, five, to, seven	provincial deliveries usually take about five to seven business days to arrive.	Revincial deliveries usually take about 5-7 business days to arrive.	Provincial deliveries usually take about 5-7 business days to arrive.
530	num021	small_only	0.696	0.783	twenty, three, second, subdivision	house number twenty three po tayo sa second street dito sa subdivision.	House number 23 po tayo sa 2nd street dito sa division.	House number 23 po tayo sa 2nd Street dito sa subdivision.
561	num052	small_only	0.696	0.783	five, ninety, pesos, presyo	five ninety pesos po ang huling presyo ng item na hinahanap ninyo.	$5.20 po ang huling pressure ng item na hinahanap ninyo.	P5.50 po ang huling presyo ng item na hinahanap ninyo.
767	pay008	small_only	0.696	0.783	salamat, pagbabayad, ninyo	maraming salamat po sa mabilis na pagbabayad ninyo ng inyong balanse.	Maraming saramat po sa mabilis na pagbabaya din yun ng inyong balanse.	Maraming salamat po sa mabilis na pagbabaya din nyo ng inyong balanse.
1022	prd013	small_only	0.609	0.87	naku, po, ubos, yung	naku po, ubos na ubos na po talaga yung best seller natin.	Nakupuk, kubus na, kubus na po, talaga rin best seller natin.	Naku po, ubos na, ubos na po talaga yung bestseller natin.
497	grt088	small_only	0.593	0.889	paghihintay, nahanap, na, ang, inyong	salamat po sa paghihintay, nahanap ko na ang inyong profile sa aming system.	Salamat po sa pag-intay na hanap ko nanging yung profile sa aming system.	Salamat po sa paghihintay na hanap ko na ang inyong profile sa aming system.
950	prc091	small_only	0.593	0.889	libre, assemble, sa, binayaran, niyo	libre na po ang pag assemble niyan, kasama na po sa binayaran niyo.	Ghibli na po ang pag-assembl niyan, kasama na po sabi niya rin nyo.	Give you na po ang pag-assemble niyan kasama na po sa binayaran niyo.
322	fup013	small_only	0.56	0.923	niyo, po, tatawag, para, kumpirmasyon, address	sabi niyo po kasi ay tatawag kayo mamaya para sa kumpirmasyon ng address.	Sabi nipo kasi ay tatawa kayo mamaya pa sa confirmation ng AIS.	Sabi niyo po kasi ay tatawag kayo mamaya para sa confirmation ng address.
474	grt065	small_only	0.552	0.933	i, check, ko, kung, pa, bago, mag	sige po, i check ko muna kung available pa ang item bago tayo mag proceed.	Sige po, itse kong muna ako available ba ang item, bako tayo ng proceed?	Sige po, i-check ko muna kung available ba ang item bago tayo mag-proceed.
13	cls014	small_only	0.64	0.846	i, confirm, lang, address, quezon	i confirm ko lang po ang inyong address, ito ay sa quezon city.	Ikonfirm ko ng po ang inyong kades, ito ay sa Kesson City.	I-confirm ko na po ang inyong ades. Ito ay sa Quezon City.
72	cls073	small_only	0.64	0.846	done, na, po, maraming, at	done na po tayo, maraming salamat at have a very nice day po!	Diyon nabuk tayo. Barami, salamat, and have a very nice day po.	Dahan na po tayo. Maraming salamat and have a very nice day po.
97	cls098	small_only	0.64	0.846	maraming, napakalaking, ninyo, ipapasa, ko	maraming salamat po sa napakalaking order ninyo, ipapasa ko na po sa warehouse!	Marami salamat po sa napakalaki order nyo. Pupasaka na po sa warehouse.	Maraming salamat po sa napakalaking order nyo. Ipapasa ka na po sa warehouse.
442	grt033	small_only	0.621	0.867	magandang, bea, po, ito, ano, pong	magandang hapon! thank you for choosing our store, bea po ito. ano pong sa atin?	Bagandang hapon, thank you for choosing our store. Bepo'y to, panapos sa atin.	Magandang hapon. Thank you for choosing our store. Be po ito. Ano po sa atin?
276	eng027	small_only	0.636	0.857	one, hundred, metro, manila	the standard shipping fee is one hundred pesos within metro manila.	The standard shipping fee is 100 pesos within matte from Anilla.	The standard shipping fee is 100 pesos within Metro Manila.
755	obj146	small_only	0.562	0.933	mag, isip, walang, mawawala, titingin, tingin	sige po, take your time mag isip, walang mawawala kung titingin tingin muna kayo ngayon.	Sige po, take your time at the seat. Wala-wala kung te tinging tinging muna kayo ngayon.	Sige po, take your time at isip. Walang mawawala kung titingin-tingin muna kayo ngayon.
106	dlv007	small_only	0.667	0.833	kasi, nahanap, ninyo, kanina	sorry po, hindi kasi nahanap ng rider yung mismong address ninyo kanina.	Sorry po, hindi ta sinanghanap ng rider yung mismong address yung opanina.	Sorry po, hindi kasi nanghanap ng rider yung mismong address nyo kanina.
184	dlv085	small_only	0.583	0.917	nakadepende, po, dating, ruta, mismong	nakadepende po ang oras ng dating sa ruta ng mismong delivery rider.	Nakadependip o ang oras ng gating sa duta ng mismo delivery rider.	Nakadepende po ang oras ng dating sa luta ng mismong delivery rider.
336	fup027	small_only	0.714	0.786	huwag, kayong, kapag, busy	huwag po kayong mag alala, hindi ko na po kayo kukulitin kapag busy kayo.	Won po kayo mag-alala, hindi ko na po kayo kukulitin sa publici kayo.	Huwag po kayo mag-alala, hindi ko na po kayo kukulitin sa publicity kayo.
574	num065	small_only	0.667	0.833	twenty, five, napag, usapang, pagpapadala	november twenty five po ang napag usapang araw ng ating pagpapadala ng items.	November 25 po ang napagusapang araw ng ating pangpapandanan ng items.	November 25 ang napag-usapang araw ng ating pagpapadala ng items.
608	num099	small_only	0.667	0.833	ng, at, naihatid, amin	seven boxes po ng red at blue items ang naihatid sa amin.	Seven boxes po na red and blue items ang naihati sa anin.	Selling boxes po ng red and blue items ang naihatid sa amin.
822	pay063	small_only	0.667	0.833	ipapadala, ko, kayo, malito	ipapadala ko po sa text ang bank details para hindi kayo malito.	Dipapadan ako po sa text ang bank details para hindi tima dito.	Ipapadal ako po sa text ang bank details para hindi kayo malito.
884	prc025	small_only	0.667	0.833	grab, truly, our, biggest	grab the chance now because this offer is truly our biggest yet.	Now the chance now because this offer is fully arbitrated just yet.	Not a chance now because this offer is truly our biggest yet.
943	prc084	small_only	0.583	0.917	magkakaiba, po, presyo, depende, mapipili	magkakaiba po ang presyo depende sa size at kulay na mapipili ninyo.	Magkakay mapo ang pressure, depending sa size at kulay na mapipiliin ninyo.	Magkakayama po ang presyo depende sa size at kulay na mapipili ninyo.
1041	prd032	small_only	0.583	0.917	opo, meron, stock, kaya, niyo	opo, meron po tayong stock niyan kaya pwede niyo nang ma order.	Upok, whereon po tayong stack niyan tiya, pwede niya nang ma-order.	Opo, meron po tayong stock niyan kaya pwede nyo nang ma-order.
858	pay099	small_only	0.583	0.923	kayo, sisingilin, ng, aming, bayad, na	hindi na po kayo sisingilin ng aming rider dahil bayad na po ito.	Hindi na po kaisisigili na kaming rider dahil bayada po ito.	Hindi na po kayo sisigilin ng aming rider dahil bayad na po ito.
804	pay045	small_only	0.696	0.818	a, fifty, percent, initial	we require a fifty percent initial deposit to confirm your pre order.	We require 50% in actual deposit to confirm your pre-order.	We require 50% initial deposit to confirm your pre-order.
360	fup051	small_only	0.593	0.923	naalala, naghahanap, kayo, kaya, tinatawagan	naalala ko po na naghahanap kayo ng alternative, kaya tinatawagan ko kayo ngayon.	Nalala ko po na nagkahanap iyan ng alternative. Tiyati na tawagan ko kayo ngayon.	Naalala ko po na naghahanap yan ng alternative kaya tinatawagan ko kayo ngayon.
516	num007	small_only	0.636	0.88	three, fifty, po, bawat, piraso, sisingilin	three fifty po bawat piraso ang sisingilin namin para sa item na iyan.	$350 ang sisingin namin para sa item na iyan.	350 po bawat piraso ang sisingilin namin para sa item na iyan.
476	grt067	small_only	0.69	0.828	lang, po, ang, call, aming	i transfer ko lang po ang call sa aming logistics team, hold the line please.	I-transfer ko nung pangkos sa Amings logistics team to hold the line please.	I-transfer ko lang po ako sa aming logistics team, call the line please.
494	grt085	small_only	0.69	0.828	hi, there, si, kat, masisilbihan	hi there! thank you for calling today. ako po si kat, paano ko kayo masisilbihan?	Haider, thank you for calling today. Ako po sikak, paano ko kayo masisid dihan?	Hi there! Thank you for calling today. Ako po Sika. Paano ko kayo masisilihan?
619	obj010	small_only	0.609	0.909	pasensya, nagka, amin, noong	pasensya na po kung nagka problema kayo sa amin noong nakaraan.	Pasensyon na po kung may ka-problema kayo sa aming nang nakaraan.	Pasensya na po kung nagka-problema kayo sa amin ng nakaraan.
354	fup045	small_only	0.667	0.857	tumawag, ipaalala, eexpire, na, ang	tumawag po ako para ipaalala na mag eexpire na ang inyong discount voucher bukas.	Kamaw po ako para ipalala na mag-expern ng inyong discount voucher bukas.	Kamaw po ako para ipaalala na mag-expire na ang inyong discount voucher bukas.
920	prc061	small_only	0.667	0.857	may, dagdag, fifty, pesos	may dagdag po na fifty pesos para sa ating special packaging.	Paidag-dag po na $50 para sa ating special packaging.	May dagdag po na P50 para sa ating special packaging.
155	dlv056	small_only	0.609	0.917	po, bang, makuha, ang, kumpletong	pwede ko po bang makuha ang kumpletong address para sa ating delivery?	Pwede ko pang makuang pong bletong address para sa ating delivery?	Pwede ko po bang makuha ang kompletong address para sa ating delivery?
603	num094	small_only	0.609	0.917	ten, hihintayin, makuha, ang, item	ten days po ang hihintayin bago makuha ang custom item sa supplier.	10 days po ang higintayin bago makukawang custom items sa supplier.	10 days po ang hihintayin bago makuha ang custom item sa supplier.
772	pay013	small_only	0.609	0.917	rin, po, iyon, ang, madali	pwede rin po tayong cash on delivery kung iyon ang mas madali.	Pwede binpo tayong cash on delivery kung yun nang mas medalay.	Pwede rin po tayong cash on delivery kung yan ang mas madali.
814	pay055	small_only	0.609	0.917	hihintayin, resibo, bago, ipadala, ang	hihintayin po namin ang inyong resibo bago namin ipadala ang inyong parcel.	Hikintayin po namin ang inyong recebo baka namin ipadalang inyong parcel.	Hihintayin po namin ang inyong resibo bago namin ipagdala ang inyong parcel.
1098	prd089	small_only	0.696	0.833	doon, ang, amoy, nung	iba po kasi ang amoy nung original doon sa bagong formulation nila.	Iba po kasi mga may nang original sa bagong formulation nila.	Iba po kasi ang mga yung original doon sa bagong formulation nila.
1053	prd044	small_only	0.609	0.923	wag, po, kayong, mag, alala, magkakaroon	wag po kayong mag alala, magkakaroon po ulit tayo niyan bukas ng hapon.	Mabukay magalala, magkakaran po ulit tayo niyan bukas ng hapon.	Huwag po kayong mag-alala. Magkakaroon po ulit tayo niyan bukas ng hapon.
711	obj102	small_only	0.69	0.846	sisiguraduhin, pong, mauulit	sisiguraduhin ko pong hindi na mauulit ang pangit ninyong naging karanasan sa iba.	Sisi ko na din ko pang hindi na maulit ang pangit ninyong naging karanasan sa iba.	Sisiguladihin ko pong hindi na maulit ang pangit ninyong naging karanasan sa iba.
394	fup085	small_only	0.692	0.846	naging, maayos, ninyo	nais ko lang itanong kung naging maayos ba ang naging transaksyon ninyo kahapon.	Nais ko lang itanong kung nagiging maais ba ang nagiging transaksyon niyo kahapon?	Naayos ko lang itanong kung naging maayos ba ang naging transaction ninyo kahapon.
482	grt073	small_only	0.692	0.846	ko, gagawin, ito, ngayon	sige po, naintindihan ko. gagawin ko ang lahat para maayos natin ito ngayon.	Sige po, naintindihan po. Reagawin ko ang lahat para maayos natin itong ayon.	Sige po, naiintindihan po. Gagawin ko ang lahat para maayos natin ito ngayon.
236	dlv137	small_only	0.538	1.0	nakadepende, ang, eksaktong, ng, gamit	nakadepende po sa traffic ang eksaktong oras ng pagdating ng inyong gamit.	Naka-depend di po sa traffic ng exactang oras nang pagdating ng inyong damit.	Nakadepende po sa traffic ang eksaktong oras ng pagdating ng inyong gamit.
643	obj034	small_only	0.632	0.909	kung, gusto, niyo, itago, ko	kung gusto niyo po, itago ko muna yung item hanggang bukas.	Punggustiyo po, itabukong muna yung item hanggang bukas.	Kung gusto nyo po, itago ko muna yung item hanggang bukas.
452	grt043	small_only	0.545	1.0	lamang, ko, ang, tawag, departamento	sandali po lamang, ipapasa ko ang inyong tawag sa tamang departamento.	Sandali po lang, ipapasa kong inyong tavo sa tamang department o.	Sandali po lamang, ipapasa ko ang inyong tawag sa tamang departamento.
630	obj021	small_only	0.545	1.0	pasensya, kung, medyo, malayo, pwesto	pasensya na po kung medyo malayo ang pwesto namin sa inyo.	Pasensyon na po ako may mahalay ang puesto namin sa inyo.	Pasensya na po kung medyo malayo ang pwesto namin sa inyo.
760	pay001	small_only	0.636	0.909	great, na, ang, bayad	great news, pumasok na po ang inyong bayad sa aming system!	With news, pumasok ka po akong inyong bay sa aming system.	Great news! Tumasok na po ang inyong bayad sa aming system.
923	prc064	small_only	0.636	0.909	pong, yung, kinowt, presyo	wala pa pong kasamang delivery fee yung kinowt ko na presyo.	Wala pa pang kasamang delivery fee ang kinout ko na preso.	Wala pa pong kasamang delivery fee yung keynote ko na presyo.
122	dlv023	small_only	0.667	0.88	ang, i, a, palagi, nasaan	i a update ko po kayo palagi kung nasaan na ang inyong order.	Ia-update ko po kayo palaji kung nasa na inyong order.	I-update ko po kayo palagi kung nasa na ang inyong order.
952	prc093	small_only	0.667	0.88	hinihingi, lang, po, ngayon, umpisahan	ang hinihingi lang po namin ngayon ay yung kalahati para umpisahan ang trabaho.	Ang hinisiniyampo namin yun ay yung kalahati para umtisahan ang trabaho.	Ang hinihiniran po namin ngayon ay yung kalahati para umpisahan ang trabaho.
818	pay059	small_only	0.692	0.857	niyo, pong, i, save, ang	pwede niyo pong i save ang aming number para sa mga susunod na bayad.	Pwede niya po kisaibang aming number para sa mga susunod na bayad.	Pwede nyo po i-save ang aming number para sa mga susunod na bayad.
342	fup033	small_only	0.621	0.929	kayong, maibibigay, naming, tawagan, promo	mayroon po ba kayong maibibigay na kakilala na pwede naming tawagan para sa promo?	Mayroon po ba kayo mabibigay na kakilala na pwede namin tawaban para sa Pro, hong?	Mayroon po ba kayong ibibigay na kakilala na pwede naming tawagan para sa promo?
38	cls039	small_only	0.636	0.917	completely, logged, sa, aming, main	your purchase is now completely logged sa aming main inventory tracking system.	Your purchase is now completed outside our inventory tracking system.	Your purchase is now completely allowed sa aming main inventory tracking system.
885	prc026	small_only	0.636	0.917	wag, po, kayong, alala, pong	wag po kayong mag alala, wala pong hidden charges yung breakdown natin.	Upukoy mag-ala, wala pang hidden charges yung breakdown natin.	Huwag po kayong mag-alala. Wala pong hidden charges yung breakdown natin.
467	grt058	small_only	0.667	0.889	good, day, ako, marie, anong	good day! welcome po sa customer support natin. ako si marie, anong kailangan nila?	Today, welcome po sa customer support natin. Pako si Mary, ano kailangan nila?	Today, welcome po sa customer support natin. Ako si Marie. Anong kailangan nila?
430	grt021	small_only	0.64	0.917	si, anna, matutulungan, ngayon	magandang umaga po! ako po si anna, paano ko kayo matutulungan ngayon?	Magandang umaga po, ako po sa Ana. Paano ko kayo matutulungo ane yan?	Magandang umaga po. Ako po si Anna. Paano ko kayo matutulungan yun?
778	pay019	small_only	0.64	0.917	tatanggapin, po, ang, bayad	yes, tatanggapin po namin ang buong bayad pagdating ng rider sa inyo.	Yes, tatangay na pinpun namin ng buong bayay pagdating ng rider sa inyo.	Yes, tatanapin po namin ang buong bayad pagdating ng rider sa inyo.
610	obj001	small_only	0.56	1.0	pag, isipan, nandito, lang, palagi	sige lang po, take your time pag isipan, nandito lang kami palagi!	Sige lang po, take your time padisipan ng dito ng kami pala di.	Sige lang po. Take your time pag-isipan. Nandito lang kami palagi.
908	prc049	small_only	0.64	0.923	tumaas, na, po, ang, singil	sorry po talaga, tumaas na po kasi ang singil sa amin ng supplier.	Sorry po talaga, tumas tapo kasi nansin nyo sa amin ng supplier.	Sorry po talaga, tumaas na po kasi ang sinyo sa amin ng supplier.
438	grt029	small_only	0.643	0.923	salamat, pagtawag, kayo, masisilbihan	salamat po sa inyong pagtawag. ako po si faith, paano ko kayo masisilbihan?	Salama po sa inyong pagtabog. Ako po si Faith. Paano ko ko ang masisid bihan?	Salamat po sa inyong pagtawag. Ako po si Faith. Paano ko kayong masisilbihan?
255	eng006	small_only	0.667	0.9	a, new, shipment	we expect a new shipment to arrive by monday morning.	We expect and you should be to arrive by Monday morning.	We expect a new shipping to arrive by Monday morning.
947	prc088	small_only	0.714	0.857	na, niyo, para, sa	ang promo code na sinasabi niyo po ay para sa first time buyers lamang.	Ang promo code mas sinasabi niya po ay pas na first time buyers lamang.	Ang promo code na sinasabing niya po ay para sa first time buyers lamang.
701	obj092	small_only	0.643	0.929	i, aassure, piso, ilalabas, ninyo	i aassure ko po sa inyo na worth it bawat piso na ilalabas ninyo.	Di-assure ko po sa inyo na worth it bawat Liza na ilalabastin nyo.	I-assure ko po sa inyo na worth it bawat piso na ilalabas ninyo.
837	pay078	small_only	0.643	0.929	ko, accounting, resibo, ma, verify	i forward ko lang po sa accounting ang inyong resibo para ma verify nila.	I-Forward po lang po sa account, tingin ang inyong recebo para maverify nila.	I-forward po lang po sa accounting ang inyong resibo para ma-verify nila.
1080	prd071	small_only	0.667	0.909	hanggang, limang, piraso, bilhin	hanggang limang piraso lang po ang pwede nating bilhin per customer.	Anggang $5 lang po ang pwede nating billing per customer.	Hanggang limang piraso lang po ang pwede nating billing per customer.
140	dlv041	small_only	0.583	1.0	ang, sulit, libre, papunta	sulit na sulit po kasi libre na ang delivery papunta sa inyo!	Suwit na suwit po kasi delivery na delivery pa punta sa inyo.	Sulit na sulit po kasi libre na ang delivery papunta sa inyo.
195	dlv096	small_only	0.583	1.0	bayad, depende, ng, mismong, kahon	ang bayad po sa shipping ay depende sa laki ng mismong kahon.	Ang bayal po sa shipping ay depended sa laki na mismo kakon.	Ang bayad po sa shipping ay depende sa laki ng mismong kahon.
128	dlv029	small_only	0.667	0.917	asikasuhin, kung, may, aberya	nandito lang po kami para asikasuhin ang inyong delivery kung may aberya.	Nandito lang po kami para asi kasunin ang inyong delivery kumay Aberia.	Nandito lang po kami para asikasuhin ang inyong delivery kung may abereya.
238	dlv139	small_only	0.667	0.917	magpapabigay, lang, po, makapasok	magpapabigay na lang po ako ng instructions sa rider kung paano makapasok.	Mabapabigay na nang bu ako ng instructions sa rider kung paano makapaso.	Mapapabigyan na lang po ako ng instructions sa rider kung paano makapasok.
578	num069	small_only	0.667	0.917	sixteen, natitira, kulay, na	sixteen pieces po ang natitira sa aming kulay white na t shirt.	16 pieces po ang natigila sa aming kuley white at t-shirt.	16 pieces po ang natitira sa aming kulay white na t-shirt.
674	obj065	small_only	0.667	0.917	garantisado, pong, quality, huli	garantisado pong maganda ang quality niyan kaya hindi kayo magsisisi sa huli.	Tantisada pang maganda ang kualiti niyan, kaya hindi kayo magsisisi sa hula.	Garantisada pong maganda ang quality niyan kaya hindi kayo magsisisi sa huli.
842	pay083	small_only	0.667	0.917	tumatanggap, tseke, o, lamang	hindi po kami tumatanggap ng tseke, cash o kaya online transfer lamang.	Hindi po kami tumatangdiap ng cheque. Cash ko kaya online, transfer lang.	Hindi po kami tumatanggap ng cheque. Cash o kaya online transfer lamang.
955	prc096	small_only	0.667	0.917	idadagdag, ko, lang, bente	idadagdag ko na lang po ba yung bubble wrap na bente pesos?	Idadal dago na nang po ba yung bubble wrap na Bendy Pesos.	Idadagdag ko na lang po ba yung bubble wrap na 20 pesos?
25	cls026	small_only	0.667	0.923	nakuha, ko, na, kong, impormasyon	nakuha ko na po ang lahat ng kailangan kong impormasyon mula sa inyo.	Nakawakuna po ang lahat ng kailangan ko informasyon, mula sa inyo.	Nakuha ko na po ang lahat ng kailangan kong informasyon mula sa inyo.
100	dlv001	small_only	0.667	0.929	pasensya, medyo, delay, dahil	pasensya na po, medyo na delay ang rider natin dahil sa malakas na ulan.	Masanang siya na po, may diyan na diday ang rider natin daw sa malakas na ulan.	Masensya na po, medyo na-delay ang rider natin dahil sa malakas na ulan.
294	eng045	small_only	0.7	0.9	upgraded, version, one	the upgraded version includes a one year official manufacturer warranty.	The upgrade inversion includes a 1-year official manufacturer warranty.	The upgraded version includes a 1-year official manufacturer warranty.
615	obj006	small_only	0.6	1.0	pasensya, mataas, presyo, ngayon	pasensya na po kung medyo mataas yung presyo natin ngayon.	Pasensyon na po kung medyo matas yung prasyon natin yun.	Pasensya na po kung medyo mataas yung presyo natin ngayon.
92	cls093	small_only	0.714	0.889	maraming, mag, ingat, palagi	okay na okay na po lahat, maraming salamat at mag ingat po kayo palagi!	Okay na okay na po lahat. Malami salamat at magingiat po kayo pala, di.	Okay na, okay na po lahat. Maraming salamat at magingiyat po kayo palagi.
480	grt071	small_only	0.609	1.0	pakihintay, po, muli, binubuksan, lamang	pakihintay po muli sa linya, binubuksan ko lamang ang inyong lumang record.	Pakayintay, pumuli sa linya, winubuksan ko lang ang inyong lumang record.	Pakihintay po muli sa linya. Binubuksan ko lamang ang inyong lumang record.
1076	prd067	small_only	0.609	1.0	gusto, niyo, subukan, yung, atin	gusto niyo po bang subukan yung ibang variant na available sa atin?	Usuyo po bang subukon yun ibang variant na available sa aptin?	Gusto niyo po bang subukan yung ibang variant na available sa atin?
110	dlv011	small_only	0.696	0.917	pasensya, nasira, daw, sasakyan	pasensya na po, nasira daw po ang sasakyan ng aming delivery team.	Masensyon na po, lasirada po ang sasafian ng aming delivery team.	Masensya na po. Nasira daw po ang sasakyan ng aming delivery team.
227	dlv128	small_only	0.696	0.917	your, shipping, must, billing	your shipping address must exactly match your billing address to prevent fraud.	Nershipping address mas exactly match your winning address to prevent fraud.	Your shipping address must exactly match your binning address to prevent fraud.
1104	prd095	small_only	0.696	0.917	na, itong, galing, mismo	original po itong item namin at galing mismo sa official na supplier.	Original po ito item namin at jaling nismo sa official supplier.	Original po itong item namin at daling mismo sa official na supplier.
94	cls095	small_only	0.692	0.923	maraming, salamat, talaga, at	sige po sir, maraming salamat po talaga at have a wonderful day ahead!	Sige po sir, manami sanat po taladah and have a wonderful day ahead.	Sige po Sir, maraming salamat po talaga and have a wonderful day ahead.
194	dlv095	small_only	0.692	0.923	ipapaubaya, natin, pag, schedule	ipapaubaya po natin sa courier ang pag schedule ng mismong araw ng delivery.	Ipapabaya po na din sa courier ang pagschedul ng mismong araw ng delivery.	Ipapabaya po natin sa courier ang pag-schedule ng mismong araw ng delivery.
743	obj134	small_only	0.615	1.0	hayaan, niyo, sulit, ibabayad	hayaan niyo po, gagawin ko ang lahat para maging sulit ang ibabayad niyo.	Hayang nyo po, gagawin ko ang lahat para maging surit ang ibabayan nyo.	Hayaan niyo po, gagawin ko ang lahat para maging sulit ang ibabayad niyo.
492	grt083	small_only	0.69	0.929	humihingi, dispensa, lampas, ngayon	humihingi po ako ng dispensa dahil lampas na po sa working hours namin ngayon.	Umikini po ako ng dispensal dahil ng pas na po sa working hours namin yun.	Umisini po ako ng dispensa dahil lampas na po sa working hours namin ngayon.
956	prc097	small_only	0.69	0.929	babalik, kapag, natapos, buwan	babalik po sa normal price ang item kapag natapos na ang buwan na ito.	Babalit po sa normal price ang item gapad na tapos na ang buan na ito.	Mabalit po sa normal price ang item kapag natapos na ang buwan na ito.
490	grt081	small_only	0.69	0.938	naku, paumanhin, chine, check, ko, ang	naku, paumanhin po sa abala, chine check ko pa rin po kasi ang system hanggang ngayon.	Nakumpawmanin po sa abala, sinseko pa rin po kasi yan system hanggang ngayon.	Naku paumanhin po sa abala, change-check ko pa rin po kasi ang system hanggang ngayon.
1010	prd001	small_only	0.632	1.0	pasensya, naubos, na, kahapon	pasensya na po, naubos na po kasi yung item kahapon.	Pasensyon na po, naubusa po kasi yung item kahapun.	Pasensya na po, naubos na po kasi yung item kahapon.
1016	prd007	small_only	0.64	1.0	pero, ang, dating, ng	sorry po, pero next week pa po ang dating ng bagong stocks.	Sorry po, better next week pa po on the thing na bagong stocks.	Sorry po, pero next week pa po ang dating ng bagong stocks.
655	obj046	small_only	0.643	1.0	niyo, i, check, shopee, maraming	pwede niyo po i check ang aming shopee store para sa mas maraming reviews.	Pwede niya po'y chat ang aming shopping store para sa mas marani reviews.	Pwede niyo po i-check ang aming Shopee Store para sa mas maraming reviews.
39	cls040	small_only	0.667	1.0	titignan, ng, form, pirmahan	titignan po ng aming supervisor ang inyong form bago nila ito pirmahan.	Pitingan po nang aming supervisor ang inyong forum bago nila ito piramahan.	Titignan po ng aming supervisor ang inyong form bago nila ito pirmahan.
57	cls058	small_only	0.667	1.0	ibababa, ko, ang, linya	sige po, ibababa ko na ang linya, enjoy the rest of your day!	Sige po, di ba babako na alin ya. Enjoy the rest of your day.	Sige po, ibababa ko na ang linya. Enjoy the rest of your day!
895	prc036	small_only	0.667	1.0	makakaasa, po, totoong, presyo	makakaasa po kayo na ito na po ang final at totoong presyo.	Makakaasabong kayo na ito na po ang final at ito ang pressure.	Makakaasa po kayo na ito na po ang final at totoong presyo.
1094	prd085	small_only	0.667	1.0	pagkatapos, maubos, phase, buong	pagkatapos po nito maubos, phase out na po ang buong product line.	Padatapos po nito maobos, face out na po ang boom product line.	Pagkatapos po nito maubos, phase out na po ang buong product line.
80	cls081	small_only	0.692	1.0	isang, po, maraming, salamat	isang masayang araw po sa inyo at maraming salamat sa pagtawag sa amin!	Kisang masayang araw mo sa inyo at malami salangak sa pagtawag sa amin.	Isang masayang araw po sa inyo at maraming salamat sa pagtawag sa amin.
751	obj142	small_only	0.692	1.0	i, completely, agree, that	i completely agree that quality should never be compromised for a lower price.	Itong pili-agweed at quality should never be compromised for a lower price.	I completely agree that quality should never be compromised for a lower price.
123	dlv024	small_only	0.696	1.0	please, do, not, worry	please do not worry, i already expedited the shipping for this order.	Based on upgrade, I already expedited the shipping for this order.	Please do not worry, I already expedited the shipping for this order.
305	eng056	small_only	0.696	1.0	item, delivered, to	we sincerely apologize for the incorrect item delivered to your house.	We sincerely apologize for the incorrect height and delivery of your house.	We sincerely apologize for the incorrect item delivered to your house.
488	grt079	small_only	0.714	1.0	pasensya, kung, maingay, ang	pasensya na po kung medyo maingay ang background, nandito kasi kami sa main office.	Pasensyon na po kong medyo may ingayang background, nandito kasi kami sa main office.	Pasensya na po kung medyo maingay ang background. Nandito kasi kami sa main office.
566	num057	turbo_only	0.909	0.353	kanina, nine, hundred, seventy, five, pesos, po, customer	nine hundred seventy five pesos po ang ibinayad ng customer kanina.	Nine hundred seventy-five pesos po ang ibinayad ng customer tanina.	P975 ang ibinayad ng Postumert Anina.
869	prc010	turbo_only	0.727	0.571	one, thousand, five, hundred, discounted, pesos	the discounted total comes out to exactly one thousand five hundred pesos.	The discounted total comes out to exactly 1,500 pesos.	The discount total comes out to exactly P1,500.
1030	prd021	turbo_only	0.762	0.556	pa, yung, at, na, available, item	yes po! available pa yung item at ready for shipping na.	Yes po, available by item and ready for shipping na.	Yes po, I'm ready for shipping.
875	prc016	turbo_only	0.72	0.609	are, luck, three, hundred, in, pesos	you are in luck, this item is on clearance for three hundred pesos.	You're in now. This item is on clearance for 300 pesos.	You're enough! This item is on clearance for P300.
136	dlv037	turbo_only	0.75	0.583	upgraded, your, no, delivery, to	we upgraded your delivery to express shipping for absolutely no extra cost!	We upgrade their delivery to express shipping for absolutely na extra cost.	We upgrade or deliver the express shipping for absolutely ng extra cost.
230	dlv131	turbo_only	0.727	0.609	pong, ma, track, gamit, ang	pwede pong ma track ang order gamit ang aming official mobile application.	Pwede pumatrak ang order damit ang aming official mobile application.	Pwede po matrack ang order damit ng aming official mobile application.
773	pay014	turbo_only	0.8	0.6	galing, agad, ang, niyo	ang galing, pumasok agad yung payment niyo kahit weekend ngayon!	Ang baling, pumasok alad yung payment niyo kahit weekend ngayon.	Pambaling, pumasok ka lang yung payment nyo kahit weekend ngayon.
178	dlv079	turbo_only	0.72	0.692	magtatangkang, bago, ibalik, courier	dalawang beses po magtatangkang mag deliver ang courier bago ibalik sa amin.	Dalawang beses po nakatangpang mag-deliver ang courier bag ay balik sa amin.	Dalawang beses po matatampang mag-deliver ang 4-year bago i-balik sa amin.
912	prc053	turbo_only	0.75	0.667	patawad, diyan, ngayon, sa	patawad po, wala po kasi kaming installment option para diyan sa ngayon.	Watawad po, wala po kasi kaming installment option para jens sa mayon.	Matawad po, wala po kasi kaming installment option para dyan sama yun.
1033	prd024	turbo_only	0.75	0.667	diyan, ang, maganda, kasya	yes! kasya po diyan ang malaking size, maganda po ang fit niyan.	Yes, kasya po doon ng malaking size. Mabanda po ang fit niyan.	Yes, kasha po dyan ng malaking size. Mabanda po ang fit niyan.
175	dlv076	turbo_only	0.741	0.692	iche, nasaan, ngayon, system, na	iche check ko po sa system kung nasaan na ang inyong order ngayon.	It is check ko po sa system kung nasa na ang inyong order niyan.	I-check ko po sa Sistan kung nga sana ang inyong order ngayon.
932	prc073	turbo_only	0.741	0.692	promo, two, thousand, pesos	ang minimum spend po para maka avail ng promo ay two thousand pesos.	Ang minimum spend po para maka-avail ng prom mo ay 2,000 pesos.	Ang minimum spend po para maka-avail ng prom mo ay P2,000.
350	fup041	turbo_only	0.769	0.692	nagbabakasakali, akong, makapanayam, sa, binili, niyo	nagbabakasakali po akong makapanayam kayo ngayon para sa inyong feedback sa binili niyo.	Albabakasakali po ako makapanayang kayo ngayon para sa inyong feedback sa binili niyo.	Baka sakali po akong makapanayam kayo ngayon para sa inyong feedback sabihin ninyo.
470	grt061	turbo_only	0.8	0.667	ko, maa, niyo, i, know	hi, good morning! may i know kung paano ko maa address ang concern niyo ngayon?	Hi! Good morning! May I know kung paano kung ma-address ang concern nyo ngayon?	Hi, good morning. May ayon lang kung paano kong ma-address ang concern nyo ngayon?
613	obj004	turbo_only	0.783	0.696	okay, lang, iyan, let, me	okay lang po iyan, just let me know kapag ready na kayo!	Okayang po yan, just let me know kapag ready na kayo.	Okay yan po yan. Just letting know kapag ready na kayo.
963	prc104	turbo_only	0.833	0.667	one, thousand, downpayment, pesos	we do not require any downpayment for items under one thousand pesos.	We do not require any downpayment for items under 1,000 pesos.	We do not require any down payment for items under P1,000.
262	eng013	turbo_only	0.818	0.696	gcash, bank, cash	we accept payments through gcash, bank transfer, and cash on delivery.	We accept payments through GShatch, bond transfer, and cash on delivery.	We accept payments through G-Tash, Band Transfer, and Tash on Delivery.
924	prc065	turbo_only	0.818	0.696	fifteen, thousand, roughly	the estimated total is roughly fifteen thousand pesos before any taxes.	The estimated total is roughly 15,000 pesos before any taxes.	The estimated total is round free 15,000 pesos before any taxes.
