index	code	severity	ratio	expected	transcript	missing_words	inserted_words
214	dlv115	repeat	0.0	ang cut off po natin para ma ship ngayon ay three pm.	Phone call with a Filipino customer of AIStaff.	ang cut off po natin para ma ship ngayon ay three pm	phone call with a filipino customer of aistaff
540	num031	repeat	0.0	zero nine three one, six seven eight, nine zero one two po.	0-931-678-90124	zero nine three one six seven eight two po	0 931 678 90124
560	num051	repeat	0.0	zero nine eight six, seven three four, five six seven eight po.	0986-734-567-IPO	zero nine eight six seven three four five po	0986 734 567 ipo
565	num056	repeat	0.0	zero nine six seven, eight nine one, two three four five po.	0967-891-2345	zero nine six seven eight one two three four five po	0967 891 2345
575	num066	repeat	0.0	zero nine two four, six eight one, three five seven nine po.	0-9-24-681-357-90.	zero nine two four six eight one three five seven po	0 9 24 681 357 90
585	num076	repeat	0.0	zero nine eight seven, six five four, three two one zero po.	0987 654 3210	zero nine eight seven six five four three two one po	0987 654 3210
597	num088	repeat	0.0	two thirty pm po tayo magkikita sa kanto para sa pickup.	To be fair, kita membutuhi yang bisa kita sakit untuk sepeak-peak-up.	two thirty pm po tayo magkikita sa kanto para pickup	to be fair kita membutuhi yang bisa kita sakit untuk sepeak peak up
600	num091	repeat	0.0	zero nine four five, six seven eight, nine zero one two po.	0-945-678-9012.	zero nine four five six seven eight one two po	0 945 678 9012
605	num096	repeat	0.0	zero nine six eight, seven five four, three two one zero po.	To 0968-754-321-04.	zero nine six eight seven five four three two one po	to 0968 754 321 04
779	pay020	repeat	0.0	cleared na po ang inyong account kaya wala na kayong aalalahanin.	Tagalog, Tagalog, Taglish, booking, price, follow up.	cleared na po ang inyong account kaya wala kayong aalalahanin	tagalog tagalog taglish booking price follow up
839	pay080	repeat	0.0	pagkatapos niyo pong magbayad, mag message lang po agad kayo sa aming page.	Contacto-se por uma bairra, mas não é sessão por abertureça, ah, não entende?	pagkatapos niyo pong magbayad mag message lang po agad kayo sa aming page	contacto se por uma bairra mas n o é sess o por aberture a ah n o entende
843	pay084	repeat	0.0	mag rereply po ang aming system kapag na confirm na ang inyong naging transaksyon.	Magrena pwede pwede pwede pwede pwede pwede pwede pwede pwede.	mag rereply po ang aming system kapag na confirm inyong naging transaksyon	magrena pwede pwede pwede pwede pwede pwede pwede pwede pwede
1028	prd019	repeat	0.0	paumanhin po, pero matagal pa po ang susunod na dating ng materyales.	Names may appear, but Tagalog may not be a material.	paumanhin po pero matagal pa ang susunod na dating ng materyales	names may appear but tagalog may not be a material
359	fup050	repeat	0.065	kung may mga kaibigan kayong gustong umorder, pwede niyo silang papuntahin sa aming pahina.	If you have a friend that you want to murder, you may now go to our house.	kung mga kaibigan kayong gustong umorder pwede niyo silang papuntahin sa aming pahina	if you have a friend that you want to murder you now go to our house
313	fup004	repeat	0.074	kumusta po ang naging experience ninyo sa binili ninyong item noong nakaraang linggo?	Kung sa komen yung X-Face niyo, sabihin din yung IT ng lakarang nalinggo.	kumusta po ang naging experience ninyo binili ninyong item noong nakaraang linggo	kung komen yung x face niyo sabihin din yung it ng lakarang nalinggo
761	pay002	repeat	0.087	yes po, pwede kayong magbayad gamit ang inyong gcash o kaya maya.	Despo, pwede gai wabay diame den yun ji chashokha yama ya.	yes po kayong magbayad gamit ang inyong gcash o kaya maya	despo gai wabay diame den yun ji chashokha yama ya
699	obj090	repeat	0.091	huwag po kayong mag alala kung kailangan ninyo pa ng oras upang magpasya.	Kumpukay magalala kung payayangan niyo panagwala sa upong magpasha.	huwag po kayong mag alala kailangan ninyo pa ng oras upang magpasya	kumpukay magalala payayangan niyo panagwala sa upong magpasha
580	num071	repeat	0.118	zero nine three four, five six seven, eight nine zero one po.	0-934-567-8901-PO	zero nine three four five six seven eight one	0 934 567 8901
595	num086	repeat	0.118	zero nine one two, three four five, six seven eight nine po.	0-912-345-6789-po.	zero nine one two three four five six seven eight	0 912 345 6789
877	prc018	repeat	0.118	kapag kumuha kayo ng dalawa, may libre na po kayong isa!	Bapakong buwakawa, may libeli buwakay, Liza.	kapag kumuha kayo ng dalawa libre na po kayong isa	bapakong buwakawa libeli buwakay liza
375	fup066	repeat	0.125	wag po kayong mabahala, maghihintay po kami sa inyong tawag kahit kailan kayo maging handa.	Mabukay mo ba hala, magiging tayo bukame sa inyan pa wad dahil jailan, tayo mo ding handa.	wag po kayong mabahala maghihintay kami inyong tawag kahit kailan kayo maging	mabukay mo ba hala magiging tayo bukame inyan pa wad dahil jailan tayo mo ding
871	prc012	repeat	0.148	makakakuha po kayo ng freebie kung aabot ng two thousand ang bibilhin niyo.	Baka-kaka ko kayo na freebie kong abu. Douto ba kaya sandang bibili nyo?	makakakuha po ng kung aabot two thousand ang bibilhin niyo	baka kaka ko na kong abu douto ba kaya sandang bibili nyo
423	grt014	repeat	0.154	may i have your full name, please?	Buy a hamper for me please.	may i have your full name	buy a hamper for me
181	dlv082	repeat	0.16	pwede rin po kayong gumamit ng grab express para mas mabilis makarating.	Koy di bing kong kayo yung tumamit ng DrabExpress pa mas pabilis makalating.	pwede rin po kayong gumamit grab express para mabilis makarating	koy di bing kong kayo yung tumamit drabexpress pa pabilis makalating
562	num053	repeat	0.16	nine thirty pm po magtatapos ang ating live selling session mamayang gabi.	9.30 p.m. pumutatapos ang ating leave sa ating season mga maindabay.	nine thirty pm po magtatapos live selling session mamayang gabi	9 30 p m pumutatapos leave sa ating season mga maindabay
1001	prc142	repeat	0.16	naka indicate po rito na nabayaran niyo na yung downpayment na one thousand.	Baka, hindi kipurito na nabayaan yun ay yung down payment 21,000.	naka indicate po rito nabayaran niyo na downpayment one thousand	baka hindi kipurito nabayaan yun ay down payment 21 000
1107	prd098	repeat	0.16	pare pareho lang po ang presyo nila, kahit ano pa pong kulay ang piliin.	Paribayan ang pumpes na iya, gaya itang nang papukulay ang beyan.	pare pareho lang po presyo nila kahit ano pa pong kulay piliin	paribayan pumpes na iya gaya itang nang papukulay beyan
557	num048	repeat	0.167	three pm po kayo tumawag ulit para makuha ang tracking details ninyo.	Taripayin po kait ang mga bulit para makuwaan lakang detayas n'yong.	three pm kayo tumawag ulit makuha ang tracking details ninyo	taripayin kait ang mga bulit makuwaan lakang detayas n yong
683	obj074	repeat	0.167	wag po kayong mag alangan, nagpapadala po kami ng litrato bago namin i ship.	Pagpukay maganahan, nadpapad nalabukami nalit na nito bago namin ishit.	wag po kayong mag alangan nagpapadala kami ng litrato i ship	pagpukay maganahan nadpapad nalabukami nalit na nito ishit
612	obj003	repeat	0.174	balikan niyo lang po kami kapag nakapagdesisyon na kayong tuluyang bumili.	Paritay nilang pukomay kapad na kapad decision na kayong tuloy ang bungili.	balikan niyo lang po kami kapag nakapagdesisyon tuluyang bumili	paritay nilang pukomay kapad na kapad decision tuloy ang bungili
1036	prd027	repeat	0.174	available po ang red and blue, ano pong kulay ang gusto ninyo?	Available by Red in View. Ano po kula yung gusin nyo?	ang red and blue ano pong kulay gusto ninyo	by red in view ano kula yung gusin nyo
572	num063	repeat	0.182	eight thirty pm po kami huling tumatanggap ng tawag mula sa customer.	Kater G-10 kami horing tumatandap na tawag malasa costumer.	eight thirty pm po huling tumatanggap ng mula sa customer	kater g 10 horing tumatandap na malasa costumer
1045	prd036	repeat	0.19	sakto po ang dating ninyo, nag restock po kami kaninang umaga lang.	Sa atopong natin nalista po kami tinig ng magbalang.	sakto po ang dating ninyo nag restock kaninang umaga lang	sa atopong natin nalista tinig ng magbalang
535	num026	repeat	0.2	zero nine two seven, six four one, two three four five po ang number.	0-927-641-2345 ang number.	zero nine two seven six four one three five po	0 927 641 2345
917	prc058	repeat	0.2	kung iisahin niyo po, two hundred ang presyo ng bawat piraso.	Kuyisahin nyo po, 200 na pressure ng bayot pedaso.	kung iisahin niyo two hundred ang presyo bawat piraso	kuyisahin nyo 200 na pressure bayot pedaso
640	obj031	repeat	0.207	naiintindihan ko po, mag usap muna kayo ng asawa ninyo bago kayo bumili.	May hindihan ko po, mapusap mo na kaya ng asa ko ay nyo bako kaya bumigay.	naiintindihan mag usap muna kayo asawa ninyo bago bumili	may hindihan mapusap mo na kaya asa ko ay nyo bako kaya bumigay
571	num062	repeat	0.211	four thousand five hundred one pesos po ang kabuuang halaga ngayon.	$4,501 po ang kabo ang halada mayon.	four thousand five hundred one pesos kabuuang halaga ngayon	4 501 kabo ang halada mayon
555	num046	repeat	0.222	zero nine five six, seven eight nine, zero one two three po ito.	0956-789-0123 po ito.	zero nine five six seven eight one two three	0956 789 0123
669	obj060	repeat	0.222	huwag po kayong matakot, maaasahan ninyo na totoo ang aming sinasabi.	Pagpukayong matakot, maasahan yung atutawang ami sinasabi.	huwag po kayong maaasahan ninyo na totoo ang aming	pagpukayong maasahan yung atutawang ami
918	prc059	repeat	0.222	bale aabot po lahat ng one thousand fifty pesos.	Balia, abut mo na halap ng 1,050 pesos.	bale aabot po lahat one thousand fifty	balia abut mo na halap 1 050
317	fup008	repeat	0.231	baka po gusto ninyong ituloy na ang pag order habang mayroon pa kaming stock.	Pahapuks ninyo ito ay nang pag-order habang may run pahaming staff.	baka po gusto ninyong ituloy na ang mayroon pa kaming stock	pahapuks ninyo ito ay nang may run pahaming staff
357	fup048	repeat	0.24	wag po kayong mag alala, hindi ko na po kayo kukulitin pagkatapos nitong tawag.	Bung pukayong maglalala, hindi ko na pukayong kukulitan pagdatapos itong tawad.	wag po kayong mag alala kayo kukulitin pagkatapos nitong tawag	bung pukayong maglalala pukayong kukulitan pagdatapos itong tawad
656	obj047	repeat	0.24	babalikan ko po kayo sa biyernes upang malaman ang inyong huling pasya.	Baabadikang tukpo kayo sa beer nais yung pangmalaman ng inging huling ba siya.	babalikan ko po biyernes upang malaman ang inyong pasya	baabadikang tukpo beer nais yung pangmalaman ng inging ba siya
55	cls056	repeat	0.25	maraming salamat sa masayang pag uusap natin, hanggang sa muli nating pagkikita!	Marami sarangat sa nagsayang pag-usap namin, handan sa mo nilating pagtikita.	maraming salamat masayang uusap natin hanggang muli nating pagkikita	marami sarangat nagsayang usap namin handan mo nilating pagtikita
528	num019	repeat	0.25	twenty five percent downpayment po muna ang kailangan nating i settle ngayon.	25% ang payment po mo na ang kailangan natin isa to niyon.	twenty five percent downpayment muna nating i settle ngayon	25 ang payment mo na natin isa to niyon
940	prc081	repeat	0.261	wala po tayong tubo diyan dahil benta palugi na po natin iyan.	Bula putain tubo dyan dahil benda pala din na punating yan.	wala po tayong diyan benta palugi natin iyan	bula putain dyan benda pala din punating yan
1066	prd057	repeat	0.261	kung gusto niyo po, itong kabilang brand na lang ang kunin ninyo.	Bungus nyo po, ito kami lang brand na nang angkunin nyo.	kung gusto niyo itong kabilang lang ang kunin ninyo	bungus nyo ito kami lang nang angkunin nyo
381	fup072	repeat	0.267	baka po sakaling nagbago ang isip niyo tungkol sa pinag usapan nating bulk order kahapon.	Baka po sa kaling nagbabawang isip nilatong kusapin ang kusapan nating bako quarter ka hapon.	sakaling nagbago isip niyo tungkol sa pinag usapan bulk order kahapon	sa kaling nagbabawang isip nilatong kusapin kusapan bako quarter ka hapon
545	num036	repeat	0.273	zero nine four seven, five eight six, three two one zero po ang number.	0-947-586-321-0 po ang number.	zero nine four seven five eight six three two one	0 947 586 321 0
964	prc105	repeat	0.273	kapag pina rush niyo po ang order, may additional na one hundred.	Apag pinag rush ng pang order by additional now 100.	kapag pina niyo po ang may na one hundred	apag pinag ng pang by now 100
328	fup019	repeat	0.276	susubukan ko po kayong tawagan ulit bukas ng umaga para sa inyong desisyon.	So siya bukaw na bukaw yung tawada nalit bukas nang mga ba para sa inyong decision.	susubukan ko po kayong tawagan ulit ng umaga desisyon	so siya bukaw na bukaw yung tawada nalit nang mga ba decision
395	fup086	repeat	0.276	pasensya na po kung nakakaistorbo sa pahinga ninyo, mabilis lang po itong pag uusapan natin.	Pasensyon na pukon nakakastorbo sa pahingin nyo. Nabilis ng puit ang pag-usapan natin.	pasensya po kung nakakaistorbo pahinga ninyo mabilis lang itong uusapan	pasensyon pukon nakakastorbo pahingin nyo nabilis ng puit ang usapan
459	grt050	repeat	0.276	hello po ulit! si christine ito, ano pong additional na kailangan nating i check?	Pero po, o let's interesting dito. Ano po condition na nakayalangan natin e-check?	hello ulit si christine ito pong additional kailangan nating i	pero o let s interesting dito po condition nakayalangan natin e
503	grt094	repeat	0.286	sigurado po akong maihahatid ito sa tamang oras, wag po kayong mag alala.	Sigurod na po ako mga yung hati dito sa tamang oras. Pagpukay mo gala-lala.	sigurado akong maihahatid ito wag po kayong mag alala	sigurod na ako mga yung hati dito pagpukay mo gala lala
995	prc136	repeat	0.286	bawat isang metro po ng tela ay nagkakahalaga ng ninety pesos.	Mawot isang metropolantela ay nagkakahan na din ang 90 pesos.	bawat metro po ng tela nagkakahalaga ninety	mawot metropolantela nagkakahan na din ang 90
1055	prd046	repeat	0.286	ang pinagkaiba lang po nila ay yung size at yung kulay.	Ang pinag-ayban ang punila ay ang sasat ang kulay.	pinagkaiba lang po nila yung size at	pinag ayban ang punila ang sasat ang
130	dlv031	repeat	0.296	good news po, na pick up na ng courier ang inyong package kanina!	Good news pop, napit up nila na queer year na ninyong backstage sya nina.	po pick up ng courier ang inyong package kanina	pop napit up nila queer year ninyong backstage sya nina
690	obj081	repeat	0.296	huwag po kayong mangamba, legal at rehistrado po ang aming maliit na negosyo.	Mabukay ang mga ba, digal at re-hestada po ang aning malit ng negosyo.	huwag po kayong mangamba legal rehistrado aming maliit na	mabukay ang mga ba digal re hestada aning malit ng
737	obj128	repeat	0.296	kung gusto niyo po ng peace of mind, i cash on delivery na lang natin.	Kumbusi yung po ng pisa kumain, kikasyon ng liwi na nang natin.	kung gusto niyo peace of mind i cash on delivery lang	kumbusi yung pisa kumain kikasyon ng liwi nang
798	pay039	repeat	0.296	sigurado pong hindi kayo madodoble ng charge sa inyong credit card ngayon.	Si Villana pang hindi kaya madadobo na nang charge sign yung credit card niya yan.	sigurado pong kayo madodoble ng sa inyong ngayon	si villana pang kaya madadobo na nang sign yung niya yan
967	prc108	repeat	0.3	ibabawas po natin yung five hundred galing sa una ninyong binayaran.	Ibabawaspo natin yung 500 yadeng sa unan yung binayanan.	ibabawas po five hundred galing una ninyong binayaran	ibabawaspo 500 yadeng unan yung binayanan
115	dlv016	repeat	0.308	wag po kayong mag alala, tatawag muna ang rider bago siya pumunta diyan.	Won't pukayong makalala. Tataw mo na ang rider babo siya pumunta jyan.	wag po kayong mag alala tatawag muna bago diyan	won t pukayong makalala tataw mo na babo jyan
377	fup068	repeat	0.308	nais ko lang kamustahin ang lagay ng iyong biniling gamit pagkatapos ng ilang buwan.	Na, AISkulaw, kamusta nilaladay ng yung binining damit pagkatapos na ilang buwan.	nais ko lang kamustahin ang lagay iyong biniling gamit ng	na aiskulaw kamusta nilaladay yung binining damit na
616	obj007	repeat	0.308	paumanhin po, ngunit iyon na po ang pinakamababang presyo na aming maibibigay.	Paomantin po, ngunit yun na pampin na kamabag pampersion na kami mo di-dijay.	paumanhin iyon po ang pinakamababang presyo aming maibibigay	paomantin yun pampin kamabag pampersion na kami mo di dijay
666	obj057	repeat	0.308	naiintindihan ko ang inyong pag aalala, ngunit sisiguraduhin kong maayos itong makakarating.	Na-entindihan ko ang inyong pagalala. Munit si Sibola din kung makayos itong makakalating.	naiintindihan pag aalala ngunit sisiguraduhin kong maayos makakarating	na entindihan pagalala munit si sibola din kung makayos makakalating
800	pay041	repeat	0.308	kailangan po muna nating magbayad ng downpayment bago umpisahan ang inyong project.	Chila ang pumunan natin mag-biden ng payment babo ang bisahan ng inyong project.	kailangan po muna nating magbayad downpayment bago umpisahan	chila ang pumunan natin mag biden payment babo bisahan ng
0	cls001	repeat	0.32	pasensya na po ulit sa naging abala kanina, salamat sa pag unawa ninyo.	Pasensyon na po alitso na dihabala kami na, salamat sa pagunawan nyo.	pasensya ulit sa naging abala kanina pag unawa ninyo	pasensyon alitso na dihabala kami na pagunawan nyo
228	dlv129	repeat	0.32	ipapadala po natin sa lbc para mas sigurado kayong makakarating nang ligtas.	Bapadala po natin sa Gid para masigulado ko yung makakahanating ng lead task.	ipapadala lbc mas sigurado kayong makakarating nang ligtas	bapadala gid masigulado ko yung makakahanating ng lead task
515	num006	repeat	0.32	paki check po ang numerong zero nine one seven, eight eight eight, one two three four.	Paki-check po ang number nung 0917-888-1234.	numerong zero nine one seven eight two three four	number nung 0917 888 1234
577	num068	repeat	0.32	five thirty am po kami magbubukas ng shop para sa mga suki.	5.30 am po kami mo bubukas na siya, payas na ma suki.	five thirty magbubukas ng shop para sa mga	5 30 mo bubukas na siya payas na ma
1035	prd026	repeat	0.32	oo naman po, sobrang ganda ng quality ng materyales na ginamit diyan.	Pwala mo naman po, so ben dandanong parity ng materialas na dinamit dyan.	oo sobrang ganda quality ng materyales ginamit diyan	pwala mo so ben dandanong parity materialas dinamit dyan
1052	prd043	repeat	0.32	hahanapan ko po kayo ng magandang alternative kung sakaling wala na ito.	Hanapang kukukay na malandang ato na tip ko sa kaling wala na ito.	hahanapan po kayo ng magandang alternative kung sakaling	hanapang kukukay na malandang ato na tip sa kaling
1077	prd068	repeat	0.32	medyo manipis po ang tela nito kumpara doon sa unang tinanong ninyo.	Medyo manipis ko ako dahil anit ako para dawin sa unan tinanong inyo.	po ang tela nito kumpara doon unang ninyo	ko ako dahil anit ako para dawin unan inyo
352	fup043	repeat	0.323	kailan po kaya kayo magkakaroon ng libreng oras para mapag usapan natin ito ulit?	Tayo yung po kayo ay mga mga nalibay ko, Ras, para mag-usapan na rin ito ilet.	kaya kailan magkakaroon ng libreng oras mapag natin ulit	tayo yung ay mga mga nalibay ko ras mag na rin ilet
390	fup081	repeat	0.323	tumatawag ako para kamustahin kung nasubukan niyo nang tawagan yung binigay kong numero.	Tomatawa ba ako? Paano ako mustang yung kung nasubukan yun at taba akong danyong binigay kong numen o?	tumatawag para kamustahin niyo nang tawagan yung numero	tomatawa ba paano ako mustang yung yun at taba akong danyong numen o
510	num001	repeat	0.323	maaari po bang pakisulat ang contact number na zero nine one seven, three four five, six seven eight nine?	Mahalay po bang pakasulat ang kontak number na 0-917-345-6789?	maaari pakisulat contact zero nine one seven three four five six eight	mahalay pakasulat kontak 0 917 345 6789
117	dlv018	repeat	0.333	makakaasa po kayong ipapadala namin agad ang replacement parcel ninyo bukas.	Paka-kasap o kay, ipadod namin ni Dad ang replacement person ni Bukas.	makakaasa po kayong ipapadala agad parcel ninyo	paka kasap o kay ipadod ni dad person ni
511	num002	repeat	0.333	two thousand five hundred pesos po lahat ang total ng bibilhin ninyo ngayon.	2,500 pesos po lahat ang portal nang bebezining yung mayon.	two thousand five hundred total ng bibilhin ninyo ngayon	2 500 portal nang bebezining yung mayon
513	num004	repeat	0.333	three pieces na lang po ang natitira sa kulay itim na kailangan ninyo.	3 pises na nang pang matikirasa kulay, tinun na kailangan inyo.	three pieces lang po ang natitira sa itim ninyo	3 pises nang pang matikirasa tinun inyo
553	num044	repeat	0.333	forty percent off po ang ibinigay naming discount sa lumang stock ngayon.	40% off po ang idenghyay namin the sound sa dumang stack mayan.	forty percent ibinigay naming discount lumang stock ngayon	40 idenghyay namin the sound dumang stack mayan
938	prc079	repeat	0.333	ang huling presyo na binigay sa amin para diyan ay three hundred.	Ang honing price mo nabinigay sa amin para Jan 8th of 800.	huling presyo na binigay diyan ay three hundred	honing price mo nabinigay jan 8th of 800
372	fup063	repeat	0.345	tumatawag ako para i check kung napag usapan niyo na ng pamilya niyo ang pagbili.	Sa matawagong ko para i-check kung napabusapan yan ang pamilyan yung ang pabiliyay.	tumatawag ako napag usapan niyo na ng pamilya pagbili	sa matawagong ko napabusapan yan pamilyan yung ang pabiliyay
379	fup070	repeat	0.345	tumatawag po ako para batiin kayo at alamin kung kailangan niyo ng bagong supply.	Tomatawag po ako para batin sa'y baka namin kukol na ngayon ng babong supply.	tumatawag batiin kayo at alamin kung kailangan niyo bagong	tomatawag batin sa y baka namin kukol na ngayon babong
397	fup088	repeat	0.345	huwag po kayong mag alala, gagawa kami ng paraan para matulungan kayong magka oras sa susunod.	Magpukay ang magalala, lagawa kami ng parahan para matungwanti ang maggaora sa susunod.	huwag po kayong mag alala gagawa paraan matulungan magka oras	magpukay ang magalala lagawa parahan matungwanti ang maggaora
447	grt038	repeat	0.345	pwede ko po ba kayong i hold nang sandali para ma verify ko ang account niyo?	Pwede kong paka kaya ihold ng Sundale para maverify ko ang account ninyo.	ko po ba kayong i hold nang sandali ma verify niyo	kong paka kaya ihold ng sundale maverify ninyo
401	fup092	repeat	0.348	tumatawag po ako para itanong kung pwedeng i reschedule sa ten am.	Nimatawa po ako para itan ng kong pwede niliskejo sa 10am.	tumatawag itanong kung pwedeng i reschedule ten am	nimatawa itan ng kong pwede niliskejo 10am
468	grt059	repeat	0.348	magandang hapon po! jane po ang pangalan ko, paano ko po kayo mapagsisilbihan?	Pagandang hapunpok, jeng pang palan ko, paano ko kayo mapagsisindihan?	po magandang hapon jane ang pangalan mapagsisilbihan	pagandang hapunpok jeng pang palan mapagsisindihan
556	num047	repeat	0.348	one thousand one hundred pesos po ang babayaran para sa bawat set.	1,000 mon haning pesos po ang babayanan pa sa mawakset.	one thousand hundred babayaran para bawat set	1 000 mon haning babayanan pa mawakset
637	obj028	repeat	0.348	paumanhin po, sadyang nagtaas lang po talaga ng puhunan kaya ganyan.	Paamanhing po sa dyan at tasang po talaga ng pungunan tiada niyan.	paumanhin sadyang nagtaas lang puhunan kaya ganyan	paamanhing sa dyan at tasang pungunan tiada niyan
784	pay025	repeat	0.348	bayad na po ang lahat, kaya maghihintay na lang kayo sa delivery!	May adepo ang lahak, kaya magigintay na nang kayo sa delivery.	bayad po ang lahat kaya maghihintay na lang	may adepo ang lahak kaya magigintay nang
974	prc115	repeat	0.348	kapag tinotal po natin kasama yung discount, pumatak po ng two thousand.	Tapag tinokal po natin sa Maying discount, matakpo ng 2,000.	kapag tinotal kasama yung pumatak po two thousand	tapag tinokal sa maying matakpo 2 000
43	cls044	repeat	0.357	tatawag po ulit kami kapag kailangan pa namin ng karagdagang impormasyon mula sa inyo.	Tatawag bukulit ng mika pag-vela ng panamin ng karagdadang information mula sa inyo.	po ulit kami kapag kailangan pa namin karagdagang impormasyon	bukulit mika pag vela ng panamin ng karagdadang information
75	cls076	repeat	0.357	taos puso po kaming nagpapasalamat, pagpalain po nawa kayo ng ating maykapal ngayon!	Tawas puso ko kaming natpapasanamat. Pagpalain po na waka yan ng hateng baita pa yun.	taos po nagpapasalamat nawa kayo ating maykapal ngayon	tawas ko natpapasanamat na waka yan hateng baita pa yun
759	obj150	repeat	0.357	makakaasa po kayo na kahit bumili kayo o hindi, ituturing namin kayong mahalaga.	Kakaasa po kayo, nakakahit mo may di kayo hindi, ito tuwi namin to yung mahalada.	o makakaasa na kahit bumili ituturing kayong mahalaga	kakaasa nakakahit mo may di ito tuwi to yung mahalada
133	dlv034	repeat	0.364	bukas na bukas din po ay matatanggap niyo na ang inyong parcel!	Bukas ang kasin po, ay matatandap niya nangin yung parcel.	na bukas din matatanggap niyo ang inyong	ang kasin matatandap niya nangin yung
172	dlv073	repeat	0.364	araw araw po kaming nagpapadala ng packages tuwing four pm.	Paaw, araw po kaming nagpapad na nang package at 3.40 PM.	araw nagpapadala ng packages tuwing four	paaw nagpapad na nang package at 3 40
508	grt099	repeat	0.364	magandang umaga po ulit! salamat po sa pagtawag pabalik para i confirm ang order niyo.	Bua ganda kong mag-apulik sa nangapos sa pag-tawag, pag-balay para i-confirm ang order nyo.	magandang umaga po ulit salamat pagtawag pabalik niyo	bua ganda kong mag apulik nangapos sa pag tawag pag balay nyo
525	num016	repeat	0.364	zero nine one nine, five four three, two one zero nine po ang contact number.	0919-543-2109 po ang contact number.	zero nine one five four three two	0919 543 2109
547	num038	repeat	0.364	four pm po tayo magkita malapit sa main entrance ng building.	4 people tayo magkita maglapit sa May and Trance ng Bayadin.	four pm po malapit main entrance building	4 people maglapit may and trance bayadin
596	num087	repeat	0.364	eight forty pesos po ang eksaktong halaga ng inorder ninyong item.	Page 40 pesas po ang exaktong kanadanang in-order ninyong item.	eight forty pesos eksaktong halaga ng inorder	page 40 pesas exaktong kanadanang in order
662	obj053	repeat	0.364	makikita ninyo ang pagkakaiba ng aming produkto kapag hinawakan ninyo ito.	Makatitay ninyo kong pagdakaiba ng aming produk ko kapag sinawakan dito.	makikita ang pagkakaiba produkto hinawakan ninyo ito	makatitay kong pagdakaiba produk ko sinawakan dito
873	prc014	repeat	0.364	sobrang baba na po ng presyo natin diyan kumpara sa iba.	Sogram barba na punang priceon natin dyan kung para sa iba.	sobrang baba po ng presyo diyan kumpara	sogram barba punang priceon dyan kung para
70	cls071	repeat	0.37	kagalakan po naming matulungan kayo, nawa ay maging maganda ang inyong buong linggo!	Tadalakan po naming matanungan tayo, na wa'y mading magandang ang inyong buong ningo.	kagalakan matulungan kayo nawa ay maging maganda linggo	tadalakan matanungan tayo na wa y mading magandang ningo
171	dlv072	repeat	0.37	kayo po ang magbabayad ng shipping fee direkta sa mismong lalamove rider.	Sayo po ang mababa'y ng shipping, feed direct, as ang ispong lalam of rider.	kayo magbabayad fee direkta sa mismong lalamove	sayo mababa y feed direct as ang ispong lalam of
205	dlv106	repeat	0.37	saang barangay po eksakto ang inyong lokasyon para ma pin natin nang maayos?	Sa ang baron ay po, exacto ang inyong location para mapin natin ang makayos.	saang barangay eksakto lokasyon ma pin nang maayos	sa ang baron ay exacto location mapin ang makayos
331	fup022	repeat	0.37	pasensya na po kung nakakaistorbo ako sa inyong trabaho sa ganitong oras ngayon.	Pasensyon ako naka-install. Bua ako sa inyong nabawa sa danitong oras niya yun.	pasensya na po kung nakakaistorbo trabaho ganitong ngayon	pasensyon ako naka install bua nabawa danitong niya yun
368	fup059	repeat	0.37	binabalikan ko po ang inyong mensahe tungkol sa nagka aberyang pagpapadala noong isang araw.	Minabalitan po po ang inyong mensahitong kung sunatabili ang papakadanan ng isang araw.	binabalikan ko mensahe tungkol sa nagka aberyang pagpapadala noong	minabalitan po mensahitong kung sunatabili ang papakadanan ng
527	num018	repeat	0.37	nine am po kami magsisimulang tumanggap ng mga tawag mula sa mga kliyente.	Nain din po kami magsisima ng tumandot ng mga tavag mo lasong mga cliente.	nine am magsisimulang tumanggap tawag mula sa kliyente	nain din magsisima ng tumandot tavag mo lasong cliente
717	obj108	repeat	0.37	sadyang mas mahal lang po nang kaunti dahil mas makapal ang telang ginamit.	Sadyo mas mahal ang poh ng kawin tayo dahil mas makapalang tila ang dinamit.	sadyang lang po nang kaunti makapal telang ginamit	sadyo ang poh ng kawin tayo makapalang tila dinamit
980	prc121	repeat	0.37	iche check ko muna kung magkano na ang inabot ng pinagsama samang order niyo.	Isu-chat ko muna kumaganon na naminabot ng pinaisama sa mga order nyo.	iche check kung magkano ang inabot pinagsama samang niyo	isu chat kumaganon naminabot pinaisama sa mga nyo
1007	prc148	repeat	0.37	babawasan ko na lang po ng bente pesos dahil medyo matagal po kayong naghintay.	Malbawasan po na nangpunang 20 pesos dahil medyo matadal po kayo na ikintay.	babawasan ko lang po ng bente matagal kayong naghintay	malbawasan po nangpunang 20 matadal kayo na ikintay
1050	prd041	repeat	0.37	iche check ko muna sa likod, wag kayong mag alala, baka meron pa.	Isi-check kung mo na sa likod, mo gay mo lalala, baka meran pa.	iche ko muna wag kayong mag alala meron	isi kung mo na mo gay mo lalala meran
300	eng051	repeat	0.381	would you like me to reserve one unit for you today?	With the eight meters, serve one head for you today.	would you like me to reserve unit	with the eight meters serve head
570	num061	repeat	0.381	transaction code nine hundred po ang binigay sa amin sa chat.	Tan-saction board, 980 ang bingigay sa amen sa chat.	transaction code nine hundred po binigay amin	tan saction board 980 bingigay amen
573	num064	repeat	0.381	five percent po ang bawas sa mga transaksyong gumagamit ng credit card.	5% pambawas sa mga transaksiyong dumadamit na credit card.	five percent po ang bawas transaksyong gumagamit ng	5 pambawas transaksiyong dumadamit na
882	prc023	repeat	0.381	yes, three hundred na lang po ang babayaran niyo para diyan.	Yes, 300 na po ang babayanan, nyo pa na dyan.	lang three hundred babayaran niyo para diyan	300 babayanan nyo pa na dyan
925	prc066	repeat	0.381	kung babawasan ng ten percent, magiging nine hundred na lang po siya.	Kung babuwasang ng 10%, magiging 900 na ng pusya.	babawasan ten percent nine hundred lang po siya	babuwasang 10 900 ng pusya
42	cls043	repeat	0.385	bukas po nang umaga namin sisimulan ang pagbalot ng inyong mga gamit.	Bukos po lang ang mabanda namin, sisi mula ng pabarad ng inyong mga damit.	bukas nang umaga sisimulan ang pagbalot gamit	bukos lang ang mabanda sisi mula ng pabarad damit
165	dlv066	repeat	0.385	pwede po ninyong piliin kung kailan ninyo gustong matanggap ang inyong package.	Pwede po rin yung piling ko kaila niya gusto mata ang rapang inyong package.	ninyong piliin kung kailan ninyo gustong matanggap	rin yung piling ko kaila niya gusto mata rapang
168	dlv069	repeat	0.385	gusto niyo po ba ng door to door delivery o branch pick up?	Be sure you go when an door-to-door delivery or branch pickup.	gusto niyo po ba ng o pick up	be sure you go when an or pickup
218	dlv119	repeat	0.385	ang byahe po ng barko ay tuwing biyernes lamang para sa probinsya ninyo.	Ang viahe po na bar ko at wingbeariness damang para sa Provencia ninyo.	byahe ng barko ay tuwing biyernes lamang probinsya	viahe na bar ko at wingbeariness damang provencia
229	dlv130	repeat	0.385	bago po natin ipa book, paki confirm muna ang eksaktong sukat ng inyong kahon.	Babupon natin ipabok, bakay confirm mo na exactong sukat ng inyong pahon.	bago po ipa book paki muna ang eksaktong kahon	babupon ipabok bakay mo na exactong pahon
661	obj052	repeat	0.385	okay po, pag isipan niyo munang mabuti para hindi kayo maghinayang sa huli.	Pocay po, pagdisipan yung muna mabute para hindi kayo imagina'in sa hore.	okay pag isipan niyo munang mabuti maghinayang huli	pocay pagdisipan yung muna mabute imagina in hore
687	obj078	repeat	0.385	ipangangako ko po na mas maganda ang inyong magiging karanasan sa amin ngayon.	Yipen na nga kukupo na mas padandangin yung magiging kanalasan sa amin ninyayon.	ipangangako ko po maganda ang inyong karanasan ngayon	yipen na nga kukupo padandangin yung kanalasan ninyayon
720	obj111	repeat	0.385	walang problema kung kailangan ninyong magtanong muna sa inyong mga kasama sa bahay.	Wala mo ba'y makupaidangan yung utanong muna sa inyong manakasama sa bahay.	walang problema kung kailangan ninyong magtanong mga kasama	wala mo ba y makupaidangan yung utanong manakasama
723	obj114	repeat	0.385	huwag ninyong isipin na scam ito, nagbabayad po kami ng tamang buwis taon taon.	Pong new isipinas kami ito, nalbabahit po kami ng tamang buwistakon-takon.	huwag ninyong isipin na scam nagbabayad buwis taon	pong new isipinas kami nalbabahit buwistakon takon
815	pay056	repeat	0.385	i scan niyo lang po ang qr code na ipapadala ko sa inyo ngayon.	Isan nilang po ang prepode na ita, padan ako sa inyo mayyan.	i scan niyo lang qr code ipapadala ko ngayon	isan nilang prepode ita padan ako mayyan
834	pay075	repeat	0.385	idadagdag po namin ang utang ninyo sa inyong susunod na billing cycle.	Ida-da-da punay may nang utani ninyo sa inyong susunod ng billing ticker.	idadagdag po namin ang utang na cycle	ida da da punay may nang utani ng ticker
910	prc051	repeat	0.385	naku po, pasensya na dahil hindi na po valid yung binigay ninyong voucher code.	Nakopo, pasensyan ang dahay hindi na bubalay din binigayin yung voucher code.	binigay ninyong naku po pasensya na dahil valid	nakopo pasensyan ang dahay bubalay din binigayin
1089	prd080	repeat	0.385	mas mabilis po uminit yung bagong labas na model kumpara doon sa luma.	Basmobis po omit yung babong labas ng model kung parado'on sa ruma.	mas mabilis uminit bagong na kumpara doon luma	basmobis omit babong ng kung parado on ruma
471	grt062	repeat	0.387	magandang araw! salamat sa pagpili sa aming shop, may order po ba kayong ipapa follow up?	Uden dahara ako, salamat sa pagpinisa amin siya. May order ko bakit ipapap-follow up.	magandang araw pagpili sa aming shop po ba kayong ipapa	uden dahara ako pagpinisa amin siya ko bakit ipapap
28	cls029	repeat	0.4	two thousand five hundred pesos po ang total ng inyong bibilhin.	2,500 pesos po ang totam na inyong bibezin.	two thousand five hundred total ng bibilhin	2 500 totam na bibezin
50	cls051	repeat	0.4	sige po, asahan niyo pong darating iyan sa lalong madaling panahon!	Sige po, asahing ipundalating yan sa lalo, madaling panahuan.	asahan niyo pong darating iyan lalong panahon	asahing ipundalating yan lalo panahuan
60	cls061	repeat	0.4	walang anuman po, isang malaking karangalan ang paglingkuran kayo ngayong araw na ito!	Walang anong malapos sa mga lalala ng pagdinko ngayong araw na ito.	anuman po isang malaking karangalan ang paglingkuran kayo	anong malapos sa mga lalala ng pagdinko
177	dlv078	repeat	0.4	iiwan na lang daw po ng rider sa guard house ang inyong parcel.	Iwan na nanda po na rider sa Dwarth House ng Indian Parcell.	iiwan lang daw ng guard ang inyong parcel	iwan nanda na dwarth ng indian parcell
246	dlv147	repeat	0.4	dadaan po muna sa main hub ang inyong package bago pumunta diyan.	Dadan po muna sa main harbalin yung package, waw po po monta-djany.	dadaan hub ang inyong bago pumunta diyan	dadan harbalin yung waw po po monta djany
248	dlv149	repeat	0.4	kapag umulan po nang malakas, ititigil muna ng rider ang pag deliver niya.	Tapag umulan po lahulakas, ititidil mo na na rider ang paddelivery niya.	kapag nang malakas ititigil muna ng pag deliver	tapag lahulakas ititidil mo na na paddelivery
249	dlv150	repeat	0.4	pwede po ninyong tawagan ang numero ng driver kapag nandiyan na siya.	Pwede po ninyo Tagalog na nang number ng driver ko apag nanjana siya.	ninyong tawagan ang numero kapag nandiyan na	ninyo tagalog na nang number ko apag nanjana
319	fup010	repeat	0.4	tumatawag po ako para i reschedule ang ating napag usapang delivery date kahapon.	Tomatawap ako para in-schedule ng ating napangbusap ng delivery date kahapun.	tumatawag po i reschedule ang napag usapang kahapon	tomatawap in schedule ng napangbusap ng kahapun
384	fup075	repeat	0.4	pasensya na po kung na ulit ang pagtawag ko, nais ko lang po talagang makasiguro.	Pasensyon na po ako naulit ng pangtawa ko. Nais ko lang putan na lang makasiguno.	pasensya kung na ulit ang pagtawag po talagang makasiguro	pasensyon ako naulit ng pangtawa putan na lang makasiguno
460	grt051	repeat	0.4	welcome back po! salamat at tumawag kayo ulit sa amin. tuloy po natin ang usapan.	Bukitang bag po, sila makapit mo ako kaya ulit sa amin. Tuwepo natin na usapan.	welcome back salamat at tumawag kayo tuloy po ang	bukitang bag sila makapit mo ako kaya tuwepo na
591	num082	repeat	0.4	five thousand eight hundred pesos po ang total ng biniling kagamitan.	P5,800 po ang total ng meniling ka-damitan.	five thousand eight hundred pesos biniling kagamitan	p5 800 meniling ka damitan
693	obj084	repeat	0.4	asahan po ninyo na tutulungan ko kayo mula ngayon hanggang makuha ang parcel.	Saan po ninyo natutolong mamukayo mo lang mayyong hanggang bakuka ang parcel?	asahan na tutulungan ko kayo mula ngayon makuha	saan natutolong mamukayo mo lang mayyong bakuka
705	obj096	repeat	0.4	hayaan ninyong ipakita ko kung gaano kaganda ang ginamit na materyales dito.	Hayanin yung ipakita ko kung baka ano ka gandaan dinamit na matayales dito.	hayaan ninyong gaano kaganda ang ginamit materyales	hayanin yung baka ano ka gandaan dinamit matayales
797	pay038	repeat	0.4	aasikasuhin ko po agad ang inyong refund request para hindi kayo maghintay.	Asi taswing ko po abadangin yung B-Fundway, pues para hindi kayo magintay.	aasikasuhin agad ang inyong refund request maghintay	asi taswing abadangin yung b fundway pues magintay
805	pay046	repeat	0.4	maaari po ninyong ipadala ang bayad sa aming opisyal na bank account.	Makaripuhin yung hipad na lang buy at sa aming official na bank account.	maaari po ninyong ipadala ang bayad opisyal	makaripuhin yung hipad na lang buy at official
870	prc011	repeat	0.4	swerte po ninyo, nag extend kami ng flash sale hanggang mamayang gabi!	Shwetit po ninyo, bagay xe namin ang flash sale, handong mamay ang gabi.	swerte nag extend kami ng hanggang mamayang	shwetit bagay xe namin ang handong mamay ang
883	prc024	repeat	0.4	naku, sakto po dahil may pa voucher pa po tayo sa inyo!	Nakusak tapo dahil may paboucher paputay sa inyo.	naku sakto po pa voucher tayo	nakusak tapo paboucher paputay
958	prc099	repeat	0.4	four hundred seventy five pesos po ang eksaktong halaga.	475 pesos po ang exaktong halagla.	four hundred seventy five eksaktong halaga	475 exaktong halagla
970	prc111	repeat	0.4	fifty percent po muna ang kailangan nating ideposito bago natin i process.	50% po mo na ang kajangan natin di posito bako natin i-process.	fifty percent muna kailangan nating ideposito bago	50 mo na kajangan natin di posito bako
985	prc126	repeat	0.4	nakuha niyo po iyan sa mas murang halaga dahil sa promo nung nakaraang lingo.	Nakukahan niya po yan sa mas muna ang haladad dahil sa promo ng nakara ng lingko.	nakuha niyo iyan murang halaga nung nakaraang lingo	nakukahan niya yan muna ang haladad ng nakara ng lingko
1092	prd083	repeat	0.4	dalawang taon po ang warranty niyan mula nang bilhin niyo sa amin.	Delobong taon po ang gawad ng tingyan nula ng bidding nyo sa amin.	dalawang warranty niyan mula nang bilhin niyo	delobong gawad ng tingyan nula ng bidding nyo
90	cls091	repeat	0.414	malugod po kaming nagpapasalamat sa inyong pagtangkilik, hanggang sa muli nating pag uusap bukas!	Manugot po kaming nadbapasalamat sa inyong pood ng kilit. Anong samarin natin pag usap bukas.	malugod nagpapasalamat pagtangkilik hanggang sa muli nating uusap	manugot nadbapasalamat pood ng kilit anong samarin natin usap
695	obj086	repeat	0.414	alam ko pong nag aalinlangan kayo sa ngayon, kaya andito ako para mag paliwanag.	Palam ko po medaaling lang ang kaya sa ngayon. Kaya ang dito ako para mapaliwanad.	alam pong nag aalinlangan kayo andito mag paliwanag	palam po medaaling lang ang kaya ang dito mapaliwanad
857	pay098	repeat	0.414	i verify ko lang sa bangko kung pumasok na yung tseke na idineposito ninyo.	Iverify ko lang sa bank ko kung pumasok na in-chatin ay din ipokitanin nyo.	i verify bangko yung tseke na idineposito ninyo	iverify bank ko in chatin ay din ipokitanin nyo
206	dlv107	repeat	0.417	mula po dito, ibabyahe po iyan ng courier papunta sa norte.	Uyaw po dito, iba beahe po yan ang courier pa punta sa Nord.	mula ibabyahe iyan ng papunta norte	uyaw iba beahe yan ang pa punta nord
288	eng039	repeat	0.417	you can reach us at zero nine one seven, three four five, six seven eight nine.	You can reach us at 0917-345-6789.	zero nine one seven three four five six eight	0917 345 6789
347	fup038	repeat	0.417	binabalikan ko lang po kayo tungkol sa ten percent na napag usapan natin.	Minabalikan mo lang po kayutang ko sa 10% na napabosapan natin.	binabalikan ko kayo tungkol ten percent napag usapan	minabalikan mo kayutang ko 10 napabosapan
358	fup049	repeat	0.417	makakaasa kayong hihintayin ko ang inyong pagbabalik tuwing kailangan ninyo ng tulong.	Maka kasakayong higitayin ko ang inyong pang babalay. Tuwing kailangan inyong nagtulog.	makakaasa kayong hihintayin pagbabalik ninyo ng tulong	maka kasakayong higitayin pang babalay inyong nagtulog
650	obj041	repeat	0.417	nasa inyo po ang huling desisyon kung itutuloy ninyo ang pagbili ngayon.	Nasayin niyo pa ang huling decision kung itotulin niyo ang pabilingay ngayon.	nasa inyo po desisyon itutuloy ninyo pagbili	nasayin niyo pa decision itotulin niyo pabilingay
802	pay043	repeat	0.417	ang natitirang balanse po ay babayaran ninyo pagdating ng inyong mga gamit.	Ang matitirang barang sipo ay babayanan nyo pagdating ang inyong mga damit.	natitirang balanse po babayaran ninyo ng gamit	matitirang barang sipo babayanan nyo ang damit
828	pay069	repeat	0.417	ang refund po ay umaabot ng tatlo hanggang limang araw bago makuha.	Ang refund po ayaw maabot ng 3-5 a.m. bago makuka.	ay umaabot tatlo hanggang limang araw makuha	ayaw maabot 3 5 a m makuka
840	pay081	repeat	0.417	bawal po ang installment plan para sa mga produktong naka sale na ngayon.	Mawad pawang installing plan para sa mga produk paong nakasil ngayon.	bawal po ang installment produktong naka sale na	mawad pawang installing produk paong nakasil
944	prc085	repeat	0.417	siningil po kayo ng extra dahil nag request po kayo ng express delivery.	Sinigil bukayo na extra dahil nai-request bukayo na Express Delivery.	siningil po kayo ng nag	sinigil bukayo na nai bukayo na
367	fup058	repeat	0.429	sakali pong may concern kayo sa items, pwede niyo akong tawagan anumang oras.	Sa halibong may concern there sa items, pwede nyo kung tavaran na nang mong oras.	sakali pong kayo niyo akong tawagan anumang	sa halibong there nyo kung tavaran na nang mong
376	fup067	repeat	0.429	kung sakaling may mairekomenda kayong kakilala, bibigyan namin kayo ng libreng shipping ngayon.	Usakaling mo'y mag-recomenda kayo kakilala, bibil yan namin kayo ng living shipping ngayon.	kung sakaling may mairekomenda kayong bibigyan libreng	usakaling mo y mag recomenda kayo bibil yan living
506	grt097	repeat	0.429	pasensya na po ulit sa delay, ginagawa na po namin ang lahat ng paraan.	Pasang siya na pulit sa delay, di nago ko namin ng lahat ng paan.	pasensya po ulit ginagawa na ang paraan	pasang siya pulit di nago ko ng paan
808	pay049	repeat	0.429	paki check po kung tama ang account name bago ninyo i send ang pera.	Sa-check po kung tama ang akon na yung bago nangyari saan ng pere.	paki account name ninyo i send ang pera	sa akon na yung nangyari saan ng pere
893	prc034	repeat	0.429	hayaan niyo po, itototal ko ulit para makita niyo na tama ang computation.	Hayaan n'yo po, ito-tol-tol-gulit para makikitan nyo na tama ang competition.	niyo itototal ko ulit makita computation	n yo ito tol tol gulit makikitan nyo competition
47	cls048	repeat	0.435	yay, confirmed na po ang inyong order at ready na for shipping!	Yay! Confirm that ball in your order at Reddina for shipping.	confirmed na po ang inyong ready	confirm that ball in your reddina
144	dlv045	repeat	0.435	handa na po ang inyong package at naghihintay na lang sa rider!	Handan na po yung package at naki-himpay na nang surider.	handa ang inyong naghihintay lang sa rider	handan yung naki himpay nang surider
549	num040	repeat	0.435	saturday, august twenty nine po natin i schedule ang inyong delivery ngayon.	Sat or day, August 29, nating schedule ang yung delivery ngayon.	saturday twenty nine po natin i inyong	sat or day 29 nating yung
564	num055	repeat	0.435	october thirteen po ang birthday ng aming business partner ngayong taon.	Paktobr 13 po ang birte na hamming business partner niya yung taon.	october thirteen birthday ng aming ngayong	paktobr 13 birte na hamming niya yung
659	obj050	repeat	0.435	hihintayin ko po ang inyong tawag kung kailan ninyo gustong umorder.	Kisintayin ko po ang inyong tawag kong kaisan niyo gusto ng order.	hihintayin kung kailan ninyo gustong umorder	kisintayin kong kaisan niyo gusto ng order
704	obj095	repeat	0.435	wag po kayong kabahan sa online payment, ire resibo po namin agad iyan.	Pwumpukaw yung kabahan sa online payment, inilisi buko namin nagdadiyan.	wag po kayong ire resibo agad iyan	pwumpukaw yung inilisi buko nagdadiyan
775	pay016	repeat	0.435	na receive na po namin ang inyong resibo kaya tuloy na ang transaction.	Narisita po namin ang inyong resebo kaya tori ng transaksyon.	na receive resibo tuloy ang transaction	narisita resebo tori ng transaksyon
776	pay017	repeat	0.435	magandang balita po, kumpleto na ang inyong hulog para sa buwang ito.	Magandang balita po, kompieto lang yung log ba sa buwong ito.	kumpleto na ang inyong hulog para buwang	kompieto lang yung log ba buwong
781	pay022	repeat	0.435	sakto po ang inyong ibinayad kaya wala na pong sukli na kailangan.	Sakto pa rin yung binayat ayaw, wala na pungsuklin na kailangan.	po ang inyong ibinayad kaya pong sukli	pa rin yung binayat ayaw pungsuklin
816	pay057	repeat	0.435	bale two thousand five hundred po ang kailangan ninyong i transfer sa amin.	Madig 2,500 po ang kailangan yung itransfer sa amin.	bale two thousand five hundred ninyong i transfer	madig 2 500 yung itransfer
848	pay089	repeat	0.435	tatlong buwan po ninyong huhulugan ang inyong kinuha na package sa amin.	Takambuan po ninyong huluban ng inyong kinuhaw na pake siya amin.	tatlong buwan huhulugan ang kinuha package sa	takambuan huluban ng kinuhaw pake siya
867	prc008	repeat	0.435	sulit na sulit po ito dahil libre na rin ang pagpapa deliver.	Suwet sa suwet po ito dahil libe namin ang pagpapad deliver.	sulit na libre rin pagpapa	suwet sa suwet libe namin pagpapad
982	prc123	repeat	0.435	ang puhunan lang po namin diyan ay halos kalahati ng bentahan ngayon.	Ampug ng 60 namin dyan ay halos palahati ng bentahan yun.	ang puhunan lang po diyan kalahati ngayon	ampug ng 60 dyan palahati yun
31	cls032	repeat	0.438	iche check po muna nila nang maigi ang bawat item bago tuluyang ipasok sa kahon.	It's a check po mo na nilandong may day ang bawat item babutunway ipasok sa kakon.	iche muna nila nang maigi bago tuluyang kahon	it s a mo na nilandong may day babutunway kakon
85	cls086	repeat	0.444	maraming salamat sa napakagandang transaksyon natin, nawa ay masiyahan kayo sa inyong binili!	Marami salamat sa napakadandan transasyon natin na why mas yahan tayo sa inyong binili.	maraming napakagandang transaksyon nawa ay masiyahan kayo	marami napakadandan transasyon na why mas yahan tayo
95	cls096	repeat	0.444	maraming salamat po sa napakabilis ninyong pagtugon, isang magandang hapon po sa inyo!	Manami sananat po sa nakakabidisi yung pagtubon, isa maganda ng hapon po sa inyo!	maraming salamat napakabilis ninyong pagtugon isang magandang	manami sananat nakakabidisi yung pagtubon isa maganda ng
143	dlv044	repeat	0.444	pwede po nating ipadala agad ito via lalamove kung nagmamadali po kayo.	Pwede po nating ipadalaad na dito, vayon na nang mub kung nang mamadali po kayo.	ipadala agad ito via lalamove nagmamadali	ipadalaad na dito vayon na nang mub nang mamadali
311	fup002	repeat	0.444	hello po, nagbabasakali lang kung kailangan niyo pa rin yung kinowt namin kanina.	Helo po, nabababak sa kalig lang kung kailangan yung paing yung kinawag namin danina.	niyo pa rin hello nagbabasakali kinowt kanina	helo nabababak sa kalig paing yung kinawag danina
323	fup014	repeat	0.444	nais ko lang po kamustahin kung nakuha na ninyo nang maayos ang inyong package.	Nais, palang pukamustayin kung nakuku ka na ninyo ng maayas ng inyong package.	ko lang po kamustahin nakuha nang maayos ang	palang pukamustayin nakuku ka ng maayas ng
333	fup024	repeat	0.444	sorry po kung napilitan akong tawagan kayo ulit para sa kulang ninyong dokumento.	Sorry po kong napilitan akong tawad van tayo ulait para sa kuulang niyan documento.	kung tawagan kayo ulit kulang ninyong dokumento	kong tawad van tayo ulait kuulang niyan documento
483	grt074	repeat	0.444	huwag po kayong mag panic, ako na po ang bahalang mag track ng package niyo.	Magpukoy ang panit. Ako na po ang bahara magdak ng package nyo.	huwag po kayong mag panic bahalang track niyo	magpukoy ang panit bahara magdak nyo
487	grt078	repeat	0.444	ay, sorry po naputol ang tawag natin kanina. saan po ba tayo huminto?	AIS, sorry po na puto na paawag natin jalina. Saan po ba tayong minto?	ay naputol ang tawag kanina tayo huminto	ais na puto na paawag jalina tayong minto
675	obj066	repeat	0.444	nauunawaan ko po kung bakit kayo nagdududa, ngunit libo na ang aming parokyano.	Naunawan ko po kong bakit siya na dindunda, mong nitsibon ang aming parokyan, no?	nauunawaan kung kayo nagdududa ngunit libo parokyano	naunawan kong siya dindunda mong nitsibon parokyan no
729	obj120	repeat	0.444	hindi ninyo kailangang magmadali, nandito lamang ako kung sakaling handa na kayo.	Hindi ninyo kayo lang ang mabadalay na dito lang ako kung sakaring handan na kayo.	kailangang magmadali nandito lamang sakaling handa	kayo lang ang mabadalay na dito lang sakaring handan
740	obj131	repeat	0.444	hindi po tayo manloloko, kaya wag po kayong mag alala sa inyong idedeposito.	Hindi po tayong manano ko, kaya wag po kayong magalalasa in yung idadi posito.	tayo manloloko mag alala sa inyong idedeposito	tayong manano ko magalalasa in yung idadi posito
1004	prc145	repeat	0.444	kapag inalis ko po ito, magiging three thousand na lang ang babayaran niyo.	Tapad inales ko po ito, mo daging 3,000 na lang ang baobayalan nyo.	kapag inalis magiging three thousand babayaran niyo	tapad inales mo daging 3 000 baobayalan nyo
1088	prd079	repeat	0.444	kung o order po kayo ngayon, iseseparate ko na po yung item ninyo.	Kung waw order buhay mo yun, is it separate na po yung item dinyo.	o po kayo ngayon iseseparate ko ninyo	waw buhay mo yun is it separate dinyo
127	dlv028	repeat	0.455	wag po kayong mag alala, babalik ang rider bukas kung wala kayo ngayon.	Magpukay magalala. Mabalik ang rider bukas kung malakayong ngayon.	wag po kayong mag alala babalik wala kayo	magpukay magalala mabalik malakayong
222	dlv123	repeat	0.455	hihingi po ako ng update sa aming logistics team mamayang hapon.	Hindi pa ko na update sa aming logistic steam mamayang hapon.	hihingi po ako ng logistics team	hindi pa ko na logistic steam
546	num037	repeat	0.455	two thousand one hundred pesos po ang naging kabuuang gastos sa materials.	2100 pesos po ang nating kabo ang Dastos sa materials.	two thousand one hundred naging kabuuang gastos	2100 nating kabo ang dastos
563	num054	repeat	0.455	twenty people po ang kasalukuyang nagtatrabaho sa aming opisina sa taytay.	Kuyantipibo po ang pasanong kuyang natakrabawa sa aming ofisina sa TaiTai.	twenty people kasalukuyang nagtatrabaho opisina taytay	kuyantipibo pasanong kuyang natakrabawa ofisina taitai
598	num089	repeat	0.455	eighteen pieces po ang inorder ng ating suking kliyente sa rizal.	Dating pieces to ang inorder na hatin suking cliente sa bisal.	eighteen po ng ating kliyente rizal	dating to na hatin cliente bisal
633	obj024	repeat	0.455	sorry po kung mukhang scam, pero legit po ang aming online shop.	Sorry po kumukang sam, pero nagigit po kami online siya.	kung mukhang scam legit ang aming shop	kumukang sam nagigit kami siya
747	obj138	repeat	0.455	narito po kami upang magbigay ng solusyon sa inyong matagal na problema.	Naritupo kami yung pamabigay na solusyon sa inyong matadana problema.	narito po upang magbigay ng matagal na	naritupo yung pamabigay na matadana
811	pay052	repeat	0.455	kalahati po muna ang ibabayad niyo tapos yung kalahati ay sa katapusan.	Kalahati pang muna ay babayrio tapos yung palahati ay sapataposan.	po ang ibabayad niyo kalahati sa katapusan	pang ay babayrio palahati sapataposan
824	pay065	repeat	0.455	kung gusto niyo po ay i bank transfer na lang ang buong halaga.	Musi pa ibang transfer na lang ang buong halada.	kung gusto niyo po ay i bank halaga	musi pa ibang halada
864	prc005	repeat	0.455	makakatipid po kayo ng five hundred kapag kinuha niyo ang buong set.	Makakatipin po kayo ng 500 apang kinuan yung buong set.	makakatipid five hundred kapag kinuha niyo ang	makakatipin 500 apang kinuan yung
971	prc112	repeat	0.455	yung susunod na payment niyo po ay naka schedule sa katapusan ng buwan.	Binsus na napimidipo ay nakaskadol sa katapaposan ng buwan.	yung susunod payment niyo po naka schedule katapusan	binsus napimidipo nakaskadol katapaposan
7	cls008	repeat	0.462	sigurado pong matatanggap ninyo nang maayos ang lahat ng inyong binili ngayon.	Sige ron ay pumakatantap ninyo ng mga ayas ang lahat ng inyong bindi ngayon.	sigurado pong matatanggap nang maayos binili	sige ron ay pumakatantap ng mga ayas bindi
481	grt072	repeat	0.462	titignan ko muna sa aming listahan kung kumpirmado na ang inyong naging transaksyon.	Titing na kong muna sa amilistahan kong permadal na ang inyong maging transaksyon.	titignan ko aming listahan kung kumpirmado naging	titing na kong amilistahan kong permadal maging
541	num032	repeat	0.462	seven twenty pesos po ang dapat niyong i transfer sa aming gcash account.	$7.20 po ang dapat nyo e-transfer sa aming G-tash akong.	seven twenty pesos niyong i gcash account	7 20 nyo e g tash akong
587	num078	repeat	0.462	seven thirty pm po tayo mag uusap ulit tungkol sa inyong order.	7.30 p.m. po, tayo mag-boost sa ponetong ko sa inyong order.	seven thirty pm uusap ulit tungkol	7 30 p m boost sa ponetong ko
665	obj056	repeat	0.462	wag kayong mag alala, one hundred percent authentic po itong ibinebenta namin sa inyo.	Okay mo talala, 100% authentic po itong ibe-benta namin sa inyo.	wag kayong mag alala one hundred percent ibinebenta	okay mo talala 100 ibe benta
713	obj104	repeat	0.462	legit na legit po kami, kaya wag po kayong matakot mag transact ngayon.	Bidita n'Nigit po kami, kaya wang po kayo matakot mo transak ngayon.	legit na wag kayong mag transact	bidita n nigit wang kayo mo transak
714	obj105	repeat	0.462	makakaasa kayong hindi namin sasayangin ang tiwalang ibinibigay ninyo sa aming tindahan.	Makakaasak kayong hindi namin sa sayang inanti, walang hindi nibigayin nyo sa aming tindahan.	makakaasa sasayangin ang tiwalang ibinibigay ninyo	makakaasak sa sayang inanti walang hindi nibigayin nyo
728	obj119	repeat	0.462	kahit mas mura yung sa kabila, garantisado namang tatagal itong sa aming shop.	Kahit mas mula yung sakabila, darang tisadan ang magtapadwalit ang sa aming shop.	mura sa kabila garantisado namang tatagal itong	mula sakabila darang tisadan ang magtapadwalit ang
735	obj126	repeat	0.462	huwag kayong mag alala kung nakaranas kayo ng palpak na order noong mga nakaraan.	Popay ang mga lalakong nakaranaskin ng palpak na order ng mga nakaraan.	huwag kayong mag alala kung nakaranas kayo noong	popay ang mga lalakong nakaranaskin ng
849	pay090	repeat	0.462	kapag card po ang gamit, may dagdag na bank charge na five percent.	Tapag-card po ang gamit may day that the bank charged you 5%.	kapag dagdag na charge five percent	tapag day that the charged you 5
901	prc042	repeat	0.462	sige po, aayusin ko ang presyo para pasok sa budget na sinabi niyo.	Sige po, ayusin kong price mo kala pasok sa Biden na sinabi nyo.	aayusin ko ang presyo para budget niyo	ayusin kong price mo kala biden nyo
994	prc135	repeat	0.462	wala na po tayong magagawa sa presyo kasi system generated na po iyan.	Gula na po tayo magagawa sa price o kasi sista engine na rindadapoyan.	wala tayong presyo system generated po iyan	gula tayo price o sista engine rindadapoyan
1003	prc144	repeat	0.462	ang computation po nito ay base sa dami ng kinuha ninyong produkto kanina.	Ang competition punito ay basu sa dami ng kinuhayin niyang produkto kani na.	computation po nito base kinuha ninyong kanina	competition punito basu kinuhayin niyang kani na
1038	prd029	repeat	0.462	yes po, sakto dahil kakadating lang ng mga bagong stocks natin kanina.	Yes po, sak pa dahil takadating nga nga mga bakong stocks natin din na.	sakto kakadating lang ng bagong kanina	sak pa takadating nga nga bakong din na
1048	prd039	repeat	0.462	yes po, available ang lahat ng sizes mula small hanggang extra large.	Yes, baka video ba lahat ng sizes mo last month ang nang extra-large?	po available ang mula small hanggang	baka video ba mo last month ang nang
387	fup078	repeat	0.467	kung may mga kakilala kayong naghahanap ng murang kagamitan, huwag kalimutang banggitin ang pangalan namin.	Kung may mga kakailala kayong nagdahanap ng maurang katamitan, uwa kalimutan baniti ng pangalan namin.	kakilala naghahanap murang kagamitan huwag kalimutang banggitin ang	kakailala nagdahanap maurang katamitan uwa kalimutan baniti ng
493	grt084	repeat	0.467	hello po, magandang araw! si tricia po ito, anong maitutulong ko sa order niyo?	Helo kong magandang araw. Sitwi siya po ito. Anong ay dito mo po sa order nyo?	hello po si tricia maitutulong ko niyo	helo kong sitwi siya ay dito mo po nyo
119	dlv020	repeat	0.476	huwag pong mabahala, sigurado pong darating ang order ninyo bago mag weekend.	Pong pumabahala, sigurado pundalating ang order niyo bago maglikin.	huwag mabahala pong darating ninyo mag weekend	pumabahala pundalating niyo maglikin
521	num012	repeat	0.476	three thousand eight hundred seventy five pesos po ang kabuuang babayaran ninyo.	3,875 pesos po ang tabu ang babayaran ninyo.	three thousand eight hundred seventy five kabuuang	3 875 tabu ang
559	num050	repeat	0.476	september ten po magtatapos ang ating malaking end of season sale.	September pin pumag tapakos ang ating manaking endang season sale.	ten po magtatapos malaking end of	pin pumag tapakos manaking endang
576	num067	repeat	0.476	three twenty pesos po ang ipapadala ninyong bayad sa aming gcash.	$3.20 po ang ipapadahan yung bayad sa aming Zcash.	three twenty pesos ipapadala ninyong gcash	3 20 ipapadahan yung zcash
897	prc038	repeat	0.476	huwag pong mabahala, pwede naman po nating i refund kapag may sumobra.	Magpumabahala, pwede naman po natin nilifan kapag may sumoba.	huwag pong mabahala nating i refund sumobra	magpumabahala natin nilifan sumoba
1032	prd023	repeat	0.476	opo, meron pa po tayong tatlong piraso na natitira sa store.	Kopo, meron paputayin tad lam pirasan na natitira sa store.	opo pa po tayong tatlong piraso	kopo paputayin tad lam pirasan
5	cls006	repeat	0.48	wag po kayong mag alala, babantayan ko mismo ang inyong order hanggang dumating.	Magpukoy mag-alala. Mabantayan kung mismo ang inyong order hang dandang matim.	wag po kayong babantayan ko hanggang dumating	magpukoy mabantayan kung hang dandang matim
135	dlv036	repeat	0.48	sakto po ang dating ninyo, ipapadala na namin ito mamayang hapon mismo!	Sakto po ang dating nyo, papadala namin to mama ang hapon nis mo.	ninyo ipapadala na ito mamayang mismo	nyo papadala to mama ang nis mo
147	dlv048	repeat	0.48	madali lang po hanapin ang address ninyo kaya mabilis po itong makakarating.	Madali lang po hanapin ng adesin nyo kaya mag-base po ito makakateng.	ang address ninyo mabilis itong makakarating	ng adesin nyo mag base ito makakateng
201	dlv102	repeat	0.48	ipapadala ko po sa messenger ang screenshot ng resibo mula sa courier.	Ipapagdala ko sa Messenger ang screenshot na na-received mo la sa career.	po ipapadala ng resibo mula courier	ipapagdala na na received mo la career
209	dlv110	repeat	0.48	ipapalagay ko po sa kahon na fragile para mas mag ingat ang magdedeliver.	Ipapadoday ko po sa kakakuna, Fredel, para mas matingyat ang mag-deliver.	ipapalagay kahon na fragile ingat ang magdedeliver	ipapadoday kakakuna fredel matingyat ang deliver
216	dlv117	repeat	0.48	hintayin niyo na lang po ang text ni shopee tungkol sa delivery ninyo.	Pintayin nilang po ang text na siya apitong ko sa delivery ninyo.	hintayin niyo na lang ni shopee tungkol	pintayin nilang na siya apitong ko
237	dlv138	repeat	0.48	kasama po ba sa loob ng subdivision ang address na binigay ninyo?	Kasama po ba sa lob na ang sub-division ng AIStaff binigay nyo?	loob subdivision ang address na ninyo	lob na ang sub division aistaff nyo
287	eng038	repeat	0.48	our business hours are from eight am until five pm daily.	Our business hours are from 8 a.m. on to 5 p.m. daily.	eight am until five pm	8 a m on to 5 p m
310	fup001	repeat	0.48	napag isipan niyo na po ba yung tungkol sa inalok ko sa inyong item?	Napadisipan nila po ba antong po sa inaloko sa inyong item?	napag isipan niyo na yung tungkol inalok ko	napadisipan nila antong po inaloko
469	grt060	repeat	0.48	hello po! si sarah pala ito, handang tumulong sa inyong mga katanungan.	Pero po ang sasara para ito, handang tumubyong sa inyong mga katanong man.	hello si sarah pala tumulong katanungan	pero ang sasara para tumubyong katanong man
523	num014	repeat	0.48	ten percent discount po ang makukuha ninyo kapag kinuha ninyo ang buong set.	10% discount po ang makukukahanin nyo kapag kinunghanin nyo ang bong set.	ten percent makukuha ninyo kinuha buong	10 makukukahanin nyo kinunghanin nyo bong
537	num028	repeat	0.48	seven pm po kayo tumawag ulit para malaman ang status ng order ninyo.	7 pimpu kayo tumawabulit para malaman na status ng order in nyo.	seven pm po tumawag ulit ang ninyo	7 pimpu tumawabulit na in nyo
622	obj013	repeat	0.48	humihingi po ako ng tawad kung hindi namin naabot ang inaasahan ninyo.	Kung may sinipu ako ng tawad kung hindi namin ahabot namin asahanin nyo.	humihingi po naabot ang inaasahan ninyo	kung may sinipu ahabot namin asahanin nyo
631	obj022	repeat	0.48	paumanhin, naiintindihan ko po na kailangan ninyo muna itong pag isipang mabuti.	Paomanhint, na hentindihan ko po na kailangan yung yung muna itong patisipang mabute.	paumanhin naiintindihan ninyo pag isipang mabuti	paomanhint na hentindihan yung yung patisipang mabute
702	obj093	repeat	0.48	nakatitiyak ako na magugustuhan din ng inyong asawa ang produktong napili ninyo.	Dahat iti akakon na mabubustong din ng inyong asawa ang produkong napihingin nyo.	nakatitiyak ako magugustuhan produktong napili ninyo	dahat iti akakon mabubustong produkong napihingin nyo
725	obj116	repeat	0.48	wag po kayong matakot, may return policy tayo kung hindi niyo magustuhan.	Mampu ka yung matakot, may return para si Tayo kung hindi niya magsukhan.	wag po kayong policy niyo magustuhan	mampu ka yung para si niya magsukhan
830	pay071	repeat	0.48	paki sigurado po na tama ang reference number na ilalagay ninyo sa form.	Ok, siguro ako natama ang reference number na iyaladayin nyo sa form.	paki sigurado po na tama ilalagay ninyo	ok siguro ako natama iyaladayin nyo
833	pay074	repeat	0.48	kung hindi po gumana ang gcash, subukan po nating gamitin ang maya.	Kung hindi po gamanan, G-tash, subukan po natin dami din na Maya.	gumana ang gcash nating gamitin	gamanan g tash natin dami din na
836	pay077	repeat	0.48	tatanggapin po ba ng rider ang eksaktong bayad o kailangan ninyo ng sukli?	Tapandopin po ba nang rider ang exakang bayat o kailangan yung nasuklee?	tatanggapin ng eksaktong bayad ninyo sukli	tapandopin nang exakang bayat yung nasuklee
941	prc082	repeat	0.48	kung idadagdag po natin yung accessories, aabot po tayo ng five thousand.	Po idat-adad po natin ang accessories, ahabot po tayo ng 5,000.	kung idadagdag yung aabot five thousand	po idat adad ang ahabot 5 000
979	prc120	repeat	0.48	bale twenty pesos lang naman po ang nadagdag kaya hindi masyadong mabigat.	Bari 20 pesos na naman po ang nadalidad paya hindi mas hardong mabigat.	bale twenty lang nadagdag kaya masyadong	bari 20 na nadalidad paya mas hardong
1095	prd086	repeat	0.48	susubukan ko pong hanapin sa system kung may paparating na bagong stocks.	Su-surbukan ko po ang hanapin sa system kung may papatating nabagbong status.	susubukan pong paparating na bagong stocks	su surbukan po ang papatating nabagbong status
1106	prd097	repeat	0.48	tingnan ko po sa kabilang branch natin kung meron silang stock niyan.	Tinggang ko po sa kabilyang branch natin kung may run siyang stack nyan.	tingnan kabilang meron silang stock niyan	tinggang kabilyang may run siyang stack nyan
113	dlv014	repeat	0.483	paumanhin po, ngunit kailangan po nating i reschedule ang delivery para bukas ng hapon.	Kaw manhingpok, monitid yang ang po na tinggi liste ang delivery para bukas ng hapon.	paumanhin ngunit kailangan po nating i reschedule	kaw manhingpok monitid yang ang na tinggi liste
439	grt030	repeat	0.483	hi po! si karen po ito, paano ko po maa assist ang concern niyo today?	Haipo siga'y ba ito? Paano ko po ma-assist ng concern nyo today?	hi po si karen maa ang niyo	haipo siga y ba ma ng nyo
744	obj135	repeat	0.483	naiintindihan ko po na mahirap magtiwala ngayon, kaya handa akong magbigay ng patunay.	Naintindihan ko po na mahilap mo tiwa lang ngayon. Tiya handa ako mo bigay ng patunay.	naiintindihan mahirap magtiwala kaya akong magbigay	naintindihan mahilap mo tiwa lang tiya ako mo bigay
845	pay086	repeat	0.483	kung nag fail po ang transfer, paki check muna ang balance ng inyong account.	Kung mag-faith po ang transfer, bakit check mo na ang balas na inyong aham.	nag fail paki muna balance ng account	mag faith bakit mo na balas na aham
1085	prd076	repeat	0.483	yung battery life po nito ay umaabot ng walong oras na tuloy tuloy.	Yung battery raise po nito ay ang abot ng 8 o'clock na ito may tulori.	life umaabot walong oras tuloy	raise ang abot 8 o clock ito may tulori
65	cls066	review	0.5	lubos po kaming nagpapasalamat sa inyong pagbili, magandang araw po sa inyo!	Lubus po kaminan, papasalamat sa inyong pabilik. Madendang hara po sa inyo.	lubos kaming nagpapasalamat pagbili magandang araw	lubus kaminan papasalamat pabilik madendang hara
74	cls075	review	0.5	maraming salamat po sa pag order, siguradong magugustuhan niyo po ang item na ito!	Parami, salamat sa pag-order. Sigurad na mabuso ang yung hi-ten na ito.	po maraming siguradong magugustuhan niyo item	parami sigurad na mabuso yung hi ten
84	cls085	review	0.5	maraming salamat po sa inyong pang unawa at pasensya, ingat po kayo palagi diyan!	Manami salamat sa inyong pag-unawa at pasensya. Dinyat po kaya pala di dyan.	po maraming pang ingat kayo palagi diyan	manami pag dinyat kaya pala di dyan
125	dlv026	review	0.5	sagot na po namin ang shipping fee kung sakaling magka problema ulit sa courier.	Sabudap mo namin ang shooting fee kung saka nang muda problema maulit sa courier.	sagot na po shipping sakaling magka ulit	sabudap mo shooting saka nang muda maulit
132	dlv033	review	0.5	yehey, pasok po ang order ninyo para sa aming free shipping promo!	Yay! Paso ko order nyo para sa aming free shipping prom mo!	yehey pasok po ang ninyo promo	yay paso ko nyo prom mo
166	dlv067	review	0.5	kapag sa metro manila lang po, kinabukasan ay nandiyan na agad ito.	Tapag sa Maito Manila lang po, dina bukasan ay nandyan na velito.	kapag metro kinabukasan nandiyan agad ito	tapag maito dina bukasan nandyan velito
217	dlv118	review	0.5	isang araw lang po ang inaabot kapag sa loob lang ng siyudad.	Isang karaw lang po ang inakabot na pagsalob lang ng sure dad.	araw inaabot kapag sa loob siyudad	karaw inakabot na pagsalob sure dad
244	dlv145	review	0.5	papunta na po ang aming sariling driver para ihatid ang inyong binili.	Bapunta na po kami sa iling driver para ihatil ng inyong binili.	papunta ang aming sariling ihatid	bapunta kami sa iling ihatil ng
279	eng030	review	0.5	we require a fifty percent downpayment before starting your custom order.	Repire 50% dump payment before starting your custom order.	we require a fifty percent downpayment	repire 50 dump payment
338	fup029	review	0.5	nandito lang po ako para mag assist sakaling kailanganin niyo ulit ang aming serbisyo.	Nandito lang po ako kaya mag-assist sa kaling telangan ninyuulay ng aming servicio.	para sakaling kailanganin niyo ulit ang serbisyo	kaya sa kaling telangan ninyuulay ng servicio
386	fup077	review	0.5	makakaasa kayong hindi namin ibibigay sa iba ang reserbang item na naka assign sa inyo.	Makakakasak ako yung hindi namin, ilibe kay sa iba akong the servile item na nakakasahin sa inyo.	makakaasa kayong ibibigay ang reserbang naka assign	makakakasak ako yung ilibe kay akong the servile nakakasahin
455	grt046	review	0.5	naku, pasensya na po sa paghihintay. medyo matagal lang po mag load ang system namin.	Nakukpasensyon na po sa padihin pay, medyo matagal ng pumaglad ng system namin.	naku pasensya paghihintay lang po mag load ang	nakukpasensyon padihin pay ng pumaglad ng
475	grt066	review	0.5	pakibigay naman po ang order id niyo para mahanap ko agad sa system.	Pakibigay nang magpo ang order idio para maharap coven sa system.	naman po id niyo mahanap ko agad	nang magpo idio maharap coven
532	num023	review	0.5	twelve thirty pm po mag uusap ang ating mga tauhan sa stockroom.	Yon 30 PM, pumag-usap ang ating mga tauhan sa stock room.	twelve thirty po mag uusap stockroom	yon 30 pumag usap stock room
636	obj027	review	0.5	sorry po, strict po kasi kami sa no refund policy kapag nabuksan na.	Sorry po, straight po kasi kami sa nori fan pa nais ikapan na buksan na.	strict no refund policy kapag nabuksan	straight nori fan pa nais ikapan buksan na
641	obj032	review	0.5	maaari ninyong basahin ang aming mga reviews upang kayo ay mas makasiguro.	Baka rin yung basahin at aming reviews pa kayo ay mas makasigubo.	mga maaari ninyong ang upang makasiguro	baka rin yung at pa makasigubo
671	obj062	review	0.5	wag po kayong mag alala na ma scam, may physical store po kami sa makati.	O'n pukayong mag-alala ng Mascam, may physical store pukami sa Makati.	wag po kayong na ma scam kami	o n pukayong ng mascam pukami
696	obj087	review	0.5	maniwala po kayo, malaking ginhawa ang maibibigay nito sa inyong pamilya.	Maniwana po kayo, malaking din hawa ang may bibigay nita sa inyong paniyah.	maniwala ginhawa maibibigay nito pamilya	maniwana din hawa may bibigay nita paniyah
752	obj143	review	0.5	wag po kayong mag alala, marami na kaming natulungan na may parehong problema sa inyo.	Kumpukay mo talala, maramin na halina-tulungan na may parehong problema sa inyo.	wag po kayong mag alala marami kaming natulungan	kumpukay mo talala maramin halina tulungan
753	obj144	review	0.5	ipapaubaya ko sa inyo ang pagpapasya dahil alam kong alam ninyo ang tama.	Papabay ako sa inyo ang pod baka siya dahil alam kung alan nyo ang tama.	ipapaubaya ko pagpapasya kong alam ninyo	papabay ako pod baka siya kung alan nyo
765	pay006	review	0.5	sige po, isesend ko na ang aming qr code para madali niyo i scan.	Sige po, isasend ko nang aming prayer code pa para madali nyo is fan.	isesend na ang qr niyo i scan	isasend nang prayer pa nyo is fan
795	pay036	review	0.5	ligtas po ang inyong bank details dahil secured ang aming online portal.	Litas po inyong bank details na yung secure dung aning online portal.	ang ligtas dahil secured aming	litas na yung secure dung aning
821	pay062	review	0.5	kapag maya po ang gamit, real time po pumapasok ang bayad ninyo.	Tapag maya po ang damit, well time pa pumapasok ang buying nyo.	kapag gamit real po bayad ninyo	tapag damit well pa buying nyo
854	pay095	review	0.5	maaari po ninyong ipadala sa anumang pera padala na malapit sa inyo.	Naari po nil ipandalas sa anang pere pandalan na malapit sa inyo.	maaari ninyong ipadala anumang pera padala	naari nil ipandalas anang pere pandalan
887	prc028	review	0.5	sulit po ang ibabayad niyo dahil pangmatagalan ang kalidad ng produkto natin.	Suwit po hibabain niyo dahil pang matagaran ng validad ng produkto natin.	sulit ang ibabayad pangmatagalan kalidad	suwit hibabain pang matagaran ng validad
926	prc067	review	0.5	ipadadala ko po sa inyo ang kumpletong breakdown ng mga babayaran niyo.	Tipadadan ako po sa inyo ang kompetong bait na ng mga babayano.	ipadadala ko kumpletong breakdown babayaran niyo	tipadadan ako kompetong bait na babayano
928	prc069	review	0.5	yung nakalagay po sa resibo ay ang mismong halaga na hinihingi namin.	Di na kailay po sa resebo ang mesmong halaga na hinigini namin.	yung nakalagay resibo ay mismong hinihingi	di na kailay resebo mesmong hinigini
937	prc078	review	0.5	kapag umorder po kayo ng higit sa sampu, bibigyan ko kayo ng wholesale rate.	Tapag umoder po kayo na naihidit sa sampo, bibigyan ko kayo ng full-serie.	kapag umorder ng higit sampu wholesale rate	tapag umoder na naihidit sampo full serie
959	prc100	review	0.5	kung bibilangin po natin lahat, pumatak po ng siyam na libo ang bill.	Pumbibianin po nating lahat, pumatak po nang shamda nibo ang bill.	kung bibilangin natin ng siyam na libo	pumbibianin nating nang shamda nibo
973	prc114	review	0.5	nakadepende po talaga sa layo ng inyong address ang babayaran sa courier.	Naka-dependipong talaga sa laya ng inyong adres ang babayalan sa career.	nakadepende po layo address babayaran courier	naka dependipong laya adres babayalan career
1024	prd015	review	0.5	pasensya na, medyo matagal pa bago mag restock niyan sa supplier.	Masensyon na, medy mo Tagalog pa bago mo ng AIStaff niyan sa supplier.	pasensya medyo matagal mag restock	masensyon medy mo tagalog mo ng aistaff
320	fup011	review	0.516	na receive ko po ang miss call ninyo kaya narito ako para tumawag pabalik.	Na-diseip ko po ang miss call in niyo kaya na rito ko para tomawad po balay.	receive ninyo narito ako tumawag pabalik	diseip in niyo na rito ko tomawad po balay
326	fup017	review	0.516	mag iiwan lang po ako ng mensahe dahil mukhang hindi po kayo available ngayon.	Mag-iwan ang po ako naman sa'ya dahil mo kong hindi po kayo available niya yun.	iiwan lang ng mensahe mukhang ngayon	iwan ang naman sa ya mo kong niya yun
340	fup031	review	0.516	sakali pong may kakilala kayong nangangailangan ng aming produkto, baka pwede niyo kaming irekomenda.	Sa halip po may kakilala kayo na nangaylangan ng aming produk po, baka pwede niyo kaming irikomenda.	sakali pong kayong nangangailangan produkto irekomenda	sa halip po kayo na nangaylangan produk po irikomenda
48	cls049	review	0.519	magandang araw po at maraming salamat sa inyong walang sawang pagtangkilik sa amin!	Pagandang araw po at mga misalamat sa inyong wala sa wang pagtagkilik sa amin.	magandang maraming salamat walang sawang pagtangkilik	pagandang mga misalamat wala sa wang pagtagkilik
67	cls068	review	0.519	sige po, maraming salamat sa time niyo at ingat po palagi sa byahe!	Sige po, marani salamat sa timing nyo. Kat, iya po palagi sa biya hey.	maraming time niyo at ingat byahe	marani timing nyo kat iya biya hey
78	cls079	review	0.519	thank you for your continued loyalty, nandito lang kami palagi para tumulong!	Thank you for your funding, your loyalty, and gitan ang kambay padagay pa para tumulong.	continued nandito lang kami palagi	funding your and gitan ang kambay padagay pa
87	cls088	review	0.519	sige po, babye na po at maraming salamat sa pagpili sa aming shop!	Sige po, babay na po at marami sa namad sa pangpili sa amin siya.	babye maraming salamat pagpili aming shop	babay marami namad pangpili sa amin siya
314	fup005	review	0.519	naalala ko po na sabi niyo tatawag kayo ngayong araw para sa desisyon niyo.	Naalala ko po na sarin nyo tapaw kayong araw para sa decision nyo.	sabi niyo tatawag kayo ngayong desisyon	sarin nyo tapaw kayong decision nyo
370	fup061	review	0.519	nais ko lang pong itanong kung tuloy pa rin po ang ating miting bukas.	Nais palang po kita ng puntulay pa rin po ang ating meeting bukas.	ko lang pong itanong kung tuloy miting	palang po kita ng puntulay meeting
392	fup083	review	0.519	baka po sakaling may oras na kayong pag usapan ang tungkol sa ating partnership ngayon.	Makapusakaling may oras na kayong pagbusapan na nantubod sa aking partnership ngayon.	baka po sakaling pag usapan ang tungkol ating	makapusakaling pagbusapan na nantubod aking
403	fup094	review	0.519	binabalikan ko po ang hiningi ninyong listahan ng mga bagong dating naming produkto ngayon.	Minabarikan po ang hingingin yung listahan ang mga bagong dating namin kodokto ngayon.	binabalikan ko hiningi ninyong ng naming produkto	minabarikan hingingin yung ang namin kodokto
664	obj055	review	0.519	kung nag aalangan kayo, pwede kayong mag order muna ng isa para ma test.	Kung medyaalan tayo, pwede tayong mag-order mo na ng isa para matis.	nag aalangan kayo kayong muna ma test	medyaalan tayo tayong mo na matis
677	obj068	review	0.519	wag po kayong matakot mag bayad online, secured po ang system ng gcash natin.	Bumpuk ay matakat madbayat online, secured po ang system ng G-tash natin.	wag po kayong matakot mag bayad gcash	bumpuk ay matakat madbayat g tash
710	obj101	review	0.519	wag po mag alala, marami na rin po kaming naging customer diyan sa inyo.	Kung po magalala, marami nila yung po kaming naging costumer dyan sa inyo.	wag mag alala na rin customer diyan	kung magalala nila yung costumer dyan
738	obj129	review	0.519	asahan ninyo na mananatiling maayos ang kondisyon ng item kahit pagkatapos ng taon.	Kasahal nyo naman na natiling makayos ang kondisyon na kaipin kahit pagkatapos ng taon.	asahan ninyo mananatiling maayos ng item	kasahal nyo naman natiling makayos na kaipin
1109	prd100	review	0.519	pwede pong ma delay ang restock kasi naipit sa customs ang mga produkto.	Pwede po ng delay ang resta kasi naipit sa costum sa mga produk po.	pong ma restock customs ang produkto	po ng resta costum sa produk po
141	dlv042	review	0.522	wow, ang bilis pong dumating ng parcel ninyo, nandiyan na raw agad!	Wow! Ang bilis pang dumating ng person nyo. Nan-general agad.	pong parcel ninyo nandiyan na raw	pang person nyo nan general
146	dlv047	review	0.522	naku, malapit na malapit na po yung rider sa mismong bahay ninyo!	Naku, manapid na manapid ako yung rider sa misong bahay nyo.	malapit na po mismong ninyo	manapid manapid ako misong nyo
157	dlv058	review	0.522	magkano po ang karaniwang shipping fee papunta sa inyong probinsya?	Magkana po ang kaman iyong shipping fee pa punta sa inyong province siya?	magkano karaniwang papunta probinsya	magkana kaman iyong pa punta province siya
170	dlv071	review	0.522	we partnered with lbc to ensure faster shipping to the visayas region.	Department will only to ensure faster shipping to the desayas pigeon.	we partnered with lbc visayas region	department will only desayas pigeon
188	dlv089	review	0.522	kapag bumagyo po, asahan po natin na may kaunting delay sa byahe.	Pag-bumadipo, asahan po natin na may kontin dili sa diahe.	kapag bumagyo po kaunting delay byahe	pag bumadipo kontin dili diahe
192	dlv093	review	0.522	ilang kilometro po ang layo ng bahay ninyo mula sa main highway?	Iyang kailagay ka po ang layo ng bahay ninyong malasaming highway.	ilang kilometro ninyo mula sa main	iyang kailagay ka ninyong malasaming
519	num010	review	0.522	friday po ngayon, august twenty eight, kaya medyo busy ang aming courier.	Friday po ngayon, August 28, kaya may jobisi ang anong career.	twenty eight medyo busy aming courier	28 may jobisi anong career
639	obj030	review	0.522	sorry po ha, gusto ko man kayo bigyan ng discount, bawal talaga.	Sorry po ha, gusto kumanday ibedihan ng discount, ba wal tanlada.	ko man kayo bigyan bawal talaga	kumanday ibedihan ba wal tanlada
809	pay050	review	0.522	ang huling araw po ng pagbabayad ay sa susunod na byernes pa.	Ang huli harap po ng pagbabayet isa susunod na beerless pa.	huling araw pagbabayad ay sa byernes	huli harap pagbabayet isa beerless
820	pay061	review	0.522	we strictly follow a no downpayment no processing policy for custom orders.	Ustriti-follow anong down payment ng processing policy for custom orders.	we strictly a no downpayment	ustriti anong down payment ng
823	pay064	review	0.522	please indicate your order number in the remarks section of the transfer.	Place indicator or renumber in the remark section of the transfer.	please indicate your order number remarks	place indicator or renumber remark
991	prc132	review	0.522	ise send ko po yung official quotation sa email ninyo pagkatapos ng tawag.	Isento po yung official rotation sa menu potatapos ng tawag.	ise send ko quotation email ninyo pagkatapos	isento rotation menu potatapos
1046	prd037	review	0.522	opo, sikat na sikat po ang produktong iyan sa aming mga mamimili.	Popo, sikat nasifat po ang productong yan sa aming mga naminid.	opo na sikat produktong iyan mamimili	popo nasifat productong yan naminid
1100	prd091	review	0.522	bale apat na piraso na lang po ang kasya sa isang pouch.	Balea, 4 napilasa na ng po ang kasas sa isang pouch.	bale apat piraso na lang kasya	balea 4 napilasa ng kasas
539	num030	review	0.526	twenty twenty six po ang kasalukuyang taon ng ating operasyon ngayon.	2026, buwakong pasalukuyong taon ng ating operasyon ngayon.	twenty six po ang kasalukuyang	2026 buwakong pasalukuyong
590	num081	review	0.526	reference number seven hundred po ang ibinigay sa amin kanina.	Reference number 700 po ang nabinigay sa aming ganina.	seven hundred ibinigay amin kanina	700 nabinigay aming ganina
989	prc130	review	0.526	ang nakalista po rito na bayarin ay three hundred sixty pesos.	Pagmakalista po, ito na bayarin ay 360 pesos.	ang nakalista rito three hundred sixty	pagmakalista ito 360
325	fup016	review	0.533	kung busy po kayo ngayon, kailan ko po kayo pwedeng tawagan ulit para i follow up?	Kung bisipo kayo ngayon, sayang kapukayo pwede ng tawadan ulit para i-follow up.	busy po kailan ko kayo pwedeng tawagan	bisipo sayang kapukayo pwede ng tawadan
405	fup096	review	0.533	nais ko lang itanong kung naibigay ninyo na sa inyong kaibigan ang aming flyers.	Nais ko lang yung tanong kung nai-biga yung inyo sa inyong kaibigan ng aming fires.	itanong naibigay ninyo na ang flyers	yung tanong nai biga yung inyo ng fires
466	grt057	review	0.533	hi po, magandang araw! camille here, ano pong concern ang pwede kong sagutin ngayon?	Hi! Pwang maganda araw o coming here. Ano po concern ng pwede kong sagutin nyo yun?	po magandang camille pong ang ngayon	pwang maganda o coming po ng nyo yun
32	cls033	review	0.538	once the system validates your request, ia arrange na po namin ang pickup.	Once the system validates your request, tiya arrange sa punayaman ng pay-tap.	ia na po namin ang pickup	tiya sa punayaman ng pay tap
52	cls053	review	0.538	maraming salamat po, mag iingat po kayo palagi at magandang hapon sa inyo!	Maami salamat po. Magigit po kayo pala di at madandang hakong sa inyo.	maraming mag iingat palagi magandang hapon	maami magigit pala di madandang hakong
124	dlv025	review	0.538	sigurado pong tatawag ang logistics team kapag malapit na sila sa bahay ninyo.	Sigurada pang tataw ang logistics din pag malapit na sila sa bahay nyo.	sigurado pong tatawag team kapag ninyo	sigurada pang tataw din pag nyo
138	dlv039	review	0.538	yes po, pwede niyo nang kunin ang item sa aming pick up point.	Yes po, pwede ngayon ng pwunin ng item sa amin Pick Up Why.	niyo nang kunin ang aming point	ngayon ng pwunin ng amin why
149	dlv050	review	0.538	aasikasuhin ko po agad para maipadala natin ang order ninyo mamayang gabi.	Asi kasi ninto po agad para may padalan natin ng order niyo mamayang gabi.	aasikasuhin ko maipadala ang ninyo	asi kasi ninto may padalan ng niyo
213	dlv114	review	0.538	ise separate po ang dalawang items dahil hindi sila kasya sa iisang pouch.	Isse palit po ang dalagong items dahil hindi si Dakasha sa isang pouch.	ise separate dalawang sila kasya iisang	isse palit dalagong si dakasha isang
220	dlv121	review	0.538	mag iwan na lang po kayo ng pambayad sa inyong kasama sa bahay bukas.	Pag-iwanan mo po kayang pambayat sa inyong kasama sa bahay bukas.	mag iwan na lang kayo ng pambayad	pag iwanan mo kayang pambayat
226	dlv127	review	0.538	bukas po ang aming opisina para sa mga gustong mag pick up ng order.	Bukas pa kami ang bisinat para sa mga gusto mabikap ng order.	po aming opisina gustong mag pick up	pa kami bisinat gusto mabikap
236	dlv137	review	0.538	nakadepende po sa traffic ang eksaktong oras ng pagdating ng inyong gamit.	Naka-depend di po sa traffic ng exactang oras nang pagdating ng inyong damit.	nakadepende ang eksaktong ng gamit	naka depend di ng exactang nang damit
241	dlv142	review	0.538	siguraduhin po ninyong may tao sa bahay para matanggap ang inyong order.	Sibula din pa rin yung may tao sa bahay para matpanda pang inyong order.	siguraduhin po ninyong matanggap ang	sibula din pa rin yung matpanda pang
242	dlv143	review	0.538	yung delivery partner po natin ang magti text sa inyo ng eksaktong amount.	Yung delivery partner po natin na mag-detect sa inya na exacto amount.	ang magti text inyo ng eksaktong	na mag detect inya na exacto
451	grt042	review	0.538	maaari po bang maghintay ng ilang saglit habang kinukuha ko ang inyong impormasyon?	Paali po bang maghintay na nilang secret habang kinukawa ko ang inyong informasyon?	maaari ng ilang saglit kinukuha impormasyon	paali na nilang secret kinukawa informasyon
543	num034	review	0.538	eight years na po kaming naglilingkod sa ating lokal na komunidad ngayon.	8 years na po kami nag-living kod sa ating lokal na kumunidad niyan.	eight kaming naglilingkod komunidad ngayon	8 kami nag living kod kumunidad niyan
692	obj083	review	0.538	nakakasiguro po kayong safe ang inyong details, hindi po namin iyan ipagkakalat.	Nakakasigong mo po kayo safe ang inyong details. Hindi po naring yan di pagpakalat.	nakakasiguro kayong namin iyan ipagkakalat	nakakasigong mo kayo naring yan di pagpakalat
790	pay031	review	0.538	wag po kayong mag alala, ibabalik namin ang inyong pera sa lalong madaling panahon.	Mabukayong mag-alala, ibabalit namin ng inyong pera sa narong madaling panakon.	wag po kayong ibabalik ang lalong panahon	mabukayong ibabalit ng narong panakon
1086	prd077	review	0.538	iche check ko muna kung may naitabi pa kami galing sa last shipment.	Ito check kung muna, kung may night, sabi pang migaling sa Last Shipment.	iche ko naitabi pa kami galing	ito kung night sabi pang migaling
1091	prd082	review	0.538	hindi po siya pwede sa labas, pang indoor use lang po talaga siya.	Hindi po siya pwede sa labas pa nindoor justo na puta lagos siya.	pang indoor use lang po talaga	pa nindoor justo na puta lagos
1103	prd094	review	0.538	kung wala pong medium, baka gusto niyo po i try yung freesize namin?	Kung wala po medyong baka buxier po i-try ang free size namin.	pong medium gusto niyo yung freesize	po medyong buxier ang free size
452	grt043	review	0.545	sandali po lamang, ipapasa ko ang inyong tawag sa tamang departamento.	Sandali po lang, ipapasa kong inyong tavo sa tamang department o.	lamang ko ang tawag departamento	lang kong tavo department o
458	grt049	review	0.545	paumanhin po, sarado na kami tuwing five pm. mag iwan na lang po ng mensahe.	Pamaninig po sa lada na kami at 2-5 pm, mag-iwan na lang po namin sa hey.	paumanhin sarado tuwing five ng mensahe	pamaninig sa lada at 2 5 namin sa hey
542	num033	review	0.545	ten thirty am po magbubukas ang pinakamalapit naming branch sa inyo.	10.30 am po, magbumukas ang pinakamalapid namin branch sa inyo.	ten thirty magbubukas pinakamalapit naming	10 30 magbumukas pinakamalapid namin
558	num049	review	0.545	six boxes po ng kulay blue ang natitira sa aming main inventory.	6 boxes punang ulaibu ang matitira sa aming main inventory.	six po ng kulay blue natitira	6 punang ulaibu matitira
604	num095	review	0.545	august twenty eight po ang tamang date ngayon sa ating sistema.	Pocus na di po ang tamang dating niyan sa ating sistema.	august twenty eight date ngayon	pocus na di dating niyan
630	obj021	review	0.545	pasensya na po kung medyo malayo ang pwesto namin sa inyo.	Pasensyon na po ako may mahalay ang puesto namin sa inyo.	pasensya kung medyo malayo pwesto	pasensyon ako may mahalay puesto
653	obj044	review	0.545	ilalagay ko muna sa inyong cart para hindi ninyo makalimutan mamaya.	Zalagay ko muna sa inyong park para hindi niya makahingyuntan namaya.	ilalagay cart ninyo makalimutan mamaya	zalagay park niya makahingyuntan namaya
862	prc003	review	0.545	good news po, pasok yung order niyo sa free shipping natin!	Pwede nus po, masak yung ordering niya sa free shipping natin.	good news pasok order niyo	pwede nus masak ordering niya
874	prc015	review	0.545	ang ganda po ng timing niyo, nagbagsak presyo po kami kahapon.	Ang ganda po nagtiming nyo, nabagsak, pero siya po kami kahapon.	ng timing niyo nagbagsak presyo	nagtiming nyo nabagsak pero siya
878	prc019	review	0.545	our weekend sale gives you twenty percent off all regular items!	By reaching sale, you should 20% off all the regular items.	gives our weekend twenty percent	by reaching should 20 the
946	prc087	review	0.545	one thousand eight hundred po ang nakikita kong total dito sa system.	1,800 po ang naritita kong portal dito sa system.	one thousand eight hundred nakikita total	1 800 naritita portal
981	prc122	review	0.545	your total bill comes out to exactly seven thousand eight hundred pesos.	Yur total bill thumbs out to exactly 7,800 pesos.	your comes seven thousand eight hundred	yur thumbs 7 800
152	dlv053	review	0.552	oo naman po, pwede kayong mag request ng same day delivery para mabilis!	O halang po, pwede kayo mag-request ng same day to the week para mag-bedes.	oo naman kayong delivery mabilis	o halang kayo to the week mag bedes
344	fup035	review	0.552	kung nasiyahan po kayo sa aming serbisyo, pwede niyo kaming ikuwento sa inyong mga kaibigan.	Puna siyahan pukay sa aming servicio. Pwede niyo kaming kuwenta sa inyong mga kaibidyan.	kung nasiyahan po kayo serbisyo ikuwento kaibigan	puna siyahan pukay servicio kuwenta kaibidyan
399	fup090	review	0.552	nais ko lang pong i follow up kung nasaan na ang ipinangako ninyong feedback form.	Naiso lang pang i-follow up kung mahasan na napinano akong yung feedback form.	nais ko pong nasaan ang ipinangako ninyong	naiso pang mahasan napinano akong yung
474	grt065	review	0.552	sige po, i check ko muna kung available pa ang item bago tayo mag proceed.	Sige po, itse kong muna ako available ba ang item, bako tayo ng proceed?	i check ko kung pa bago mag	itse kong ako ba bako ng
961	prc102	review	0.552	ang binigay po sa aking presyo ng supplier ay tumaas kaya nag adjust kami.	Ang binigay po sa akin pressure ng supplier ay tamag-askin at adjust sa may.	aking presyo tumaas kaya nag kami	akin pressure tamag askin at sa may
514	num005	review	0.556	august twenty eight po ang date ngayon sa ating kalendaryo.	August 28 po ang digyan sa ating calendario.	twenty eight date ngayon kalendaryo	28 digyan calendario
182	dlv083	review	0.56	ibabalot po namin ito nang maayos para hindi masira sa mahabang byahe.	Ibababi po namin ito ng mayos para hindi mas sira sa mahabang beahe.	ibabalot nang maayos masira byahe	ibababi ng mayos mas sira beahe
212	dlv113	review	0.56	sisingilin po kayo ng dagdag kung ipapabago ninyo ang address on the day.	Sisingin po kayo nandagdag kung ipapababonin nyo ang Madness on the Day.	sisingilin ng dagdag ipapabago ninyo address	sisingin nandagdag ipapababonin nyo madness
322	fup013	review	0.56	sabi niyo po kasi ay tatawag kayo mamaya para sa kumpirmasyon ng address.	Sabi nipo kasi ay tatawa kayo mamaya pa sa confirmation ng AIS.	niyo po tatawag para kumpirmasyon address	nipo tatawa pa confirmation ais
432	grt023	review	0.56	magandang araw! welcome po sa aming shop. ako pala si liza, ano pong hanap natin?	Magandang araw, welcome sa Amyshark. Pakopala si Liza, panapunghan natin.	po aming shop ako pala ano pong hanap	amyshark pakopala panapunghan
526	num017	review	0.56	six eighty pesos po ang presyo ng bawat isang piraso sa aming shop.	$6.80 po ang pressure ng bawat isang peraso sa anong shop.	six eighty pesos presyo piraso aming	6 80 pressure peraso anong
609	num100	review	0.56	twelve noon po ang eksaktong oras ng pagdating ng shipment sa warehouse.	Dwell na'n po ang exakang olas ng pagdating na shipment sa warehouse.	twelve noon eksaktong oras ng	dwell na n exakang olas na
610	obj001	review	0.56	sige lang po, take your time pag isipan, nandito lang kami palagi!	Sige lang po, take your time padisipan ng dito ng kami pala di.	pag isipan nandito lang palagi	padisipan ng dito ng pala di
649	obj040	review	0.56	sige po, i message niyo na lang ako kapag nakausap niyo na si mister.	Sige po, i-message siya nalang ako kapag nakawasap na sinister.	niyo na lang nakausap si mister	siya nalang nakawasap sinister
708	obj099	review	0.56	maiintindihan po ninyo kung bakit ganyan ang presyo kapag nagamit ninyo na.	Maingtingdian po ninyo kung bakit yan yan ang pesyo kapag naisamid niya na.	maiintindihan ganyan presyo nagamit ninyo	maingtingdian yan yan pesyo naisamid niya
888	prc029	review	0.56	garantisado po na ang siningil ko lang ay yung nakalagay sa resibo.	Garantisado po na ang siya ko lang ayun na ka-day sa receibo.	siningil ay yung nakalagay resibo	siya ayun na ka day receibo
962	prc103	review	0.56	nakahiwalay po sa resibo ang bayad para sa pag deliver ng gamit.	Pahewal ay po sa decibo ang bayat para sa pag-deliverin ng damit.	nakahiwalay resibo bayad deliver gamit	pahewal ay decibo bayat deliverin damit
1067	prd058	review	0.56	pareho lang po sila ng features, nagkaiba lang talaga sa brand name.	Parang ako lang po sa nanong features nagkaiba nang tanaga sa brand name.	pareho sila ng lang talaga	parang ako sa nanong nang tanaga
398	fup089	review	0.562	kung may kakilala kayong gustong kumita sa pamamagitan ng pag reseller, sabihin niyo lang sa amin.	Kung may kakailala kayong gusto kumitasap ka mamaditan ng pag-vissellers, sabihin nyo lang sa amin.	kakilala gustong kumita sa pamamagitan reseller niyo	kakailala gusto kumitasap ka mamaditan vissellers nyo
496	grt087	review	0.562	magandang hapon! ito po ang customer service natin, pwede ko po bang malaman ang concern niyo?	Mabiandang hapo, ito po ang customer service natin. Puwede ko po mga raman ng concern nyo.	magandang hapon pwede bang malaman ang niyo	mabiandang hapo puwede mga raman ng nyo
755	obj146	review	0.562	sige po, take your time mag isip, walang mawawala kung titingin tingin muna kayo ngayon.	Sige po, take your time at the seat. Wala-wala kung te tinging tinging muna kayo ngayon.	mag isip walang mawawala titingin tingin	at the seat wala wala te tinging tinging
3	cls004	review	0.571	paumanhin po sa anumang pagkukulang, asahan ninyong pagbubutihin pa namin ito.	Paumanhing sa anang pagkukulang, asahan yung pabubutihin pa namin ito.	paumanhin po anumang ninyong pagbubutihin	paumanhing anang yung pabubutihin
10	cls011	review	0.571	babasahin ko lang po ulit ang inyong order para makasiguro tayo.	Magbasahin ko ng polit ang inyong order para makasigaw tayo.	babasahin lang po ulit makasiguro	magbasahin ng polit makasigaw
23	cls024	review	0.571	three hundred po ang inyong sukli na ibibigay ng rider bukas.	300 po ang inyong sukay na ibebegay na rider bukas.	three hundred sukli ibibigay ng	300 sukay ibebegay na
30	cls031	review	0.571	pwede na po nating i finalize ang inyong payment para maka usad na tayo.	Pwede niya po nating ikaw niya na raysang inyong payment para makaksod na tayo.	na i finalize ang maka usad	niya ikaw niya na raysang makaksod
99	cls100	review	0.571	sige po, thank you so much again, babye at mag ingat po kayo palagi!	Sige po. Thank you so much again. Bye-bye at magingat. Bukay pala day.	babye mag ingat po kayo palagi	bye bye magingat bukay pala day
343	fup034	review	0.571	we love giving special discounts to customers who refer their friends to our shop.	We will give special discounts to customers who are for dear friends to AIStaff.	love giving refer their our shop	will give are for dear aistaff
599	num090	review	0.571	september one po ang date para sa susunod nating delivery schedule.	September 1 po ang date para sasusuna datang device schedule.	one sa susunod nating delivery	1 sasusuna datang device
606	num097	review	0.571	one thousand ninety pesos po ang presyo ng bagong sapatos natin.	1,90 pesos po ang priceo ng bakong sapatos natin.	one thousand ninety presyo bagong	1 90 priceo bakong
731	obj122	review	0.571	wag po kayong mag alala, pwede niyo itong i check bago niyo ibigay ang bayad.	Pukayong mag-alala, pwading nga itong i-check, maawin nga ibigay ang bayad.	wag po kayong pwede niyo bago	pukayong pwading nga maawin nga
794	pay035	review	0.571	babalik din po sa account ninyo ang nabawas na pera bukas.	Mabalitin po sa accounting nyo ang nabawas na para bukas.	babalik din account ninyo pera	mabalitin accounting nyo para
846	pay087	review	0.571	paki picture an po nang malinaw ang resibo para mabasa namin ang reference number.	Aki-picture mo mo din ako ang recebo para mabasa namin ang reference number.	paki an po nang malinaw resibo	aki mo mo din ako recebo
879	prc020	review	0.571	oo naman po, sagot na po namin ang shipping fee niyan.	Ohanan po, sabud na po namin ang shipping fin yan.	oo naman sagot fee niyan	ohanan sabud fin yan
929	prc070	review	0.571	bale yung downpayment po natin ay fifty percent ng total price.	Mari indong payment po natin ay 50% ng total price.	bale yung downpayment fifty percent	mari indong payment 50
934	prc075	review	0.571	kasama na po sa presyong iyan ang isang taon na warranty ng produkto.	Pasama na po sa price ang iyan ang isang tao na waran din ang produkto.	kasama presyong taon warranty ng	pasama price ang tao waran din ang
992	prc133	review	0.571	hahatiin po natin sa dalawang hulog ang inyong kabuuang bayarin.	Hating po natin sa 2 ang gulog ng inyong kabuang bayarin.	hahatiin dalawang hulog kabuuang	hating 2 gulog ng kabuang
1026	prd017	review	0.571	sorry po, puro small na lang ang natira sa inventory namin.	Sorry po, pulse mo na nanghang natila sa inventory namin.	puro small lang ang natira	pulse mo nanghang natila
489	grt080	review	0.581	sorry po talaga for the inconvenience. aasikasuhin ko na po agad ang request niyo.	Sorry po talagdawa for the inconvenience. Pasi kasi kasi hindi ko na po odrad ng request nyo.	talaga aasikasuhin agad ang niyo	talagdawa pasi kasi kasi hindi odrad ng nyo
40	cls041	review	0.583	ang resibo po ninyo ay ipapadala kasama ng mismong package sa kahon.	Ang disibu po hinyo ay papadala kasama ng mismo package sa kakon.	resibo ninyo ipapadala mismong kahon	disibu hinyo papadala mismo kakon
64	cls065	review	0.583	maraming salamat po, excited na akong matanggap ninyo ang inyong napiling item!	Manami salamat po, excited na ako matagap nyo ang inyong napihing item.	maraming akong matanggap ninyo napiling	manami ako matagap nyo napihing
108	dlv009	review	0.583	patawad po dahil medyo natagalan ang pagbalot namin sa inyong mga binili.	Patawad po dahil ito nagtadala ng pabarot namin sa inyong mga binile.	medyo natagalan ang pagbalot binili	ito nagtadala ng pabarot binile
140	dlv041	review	0.583	sulit na sulit po kasi libre na ang delivery papunta sa inyo!	Suwit na suwit po kasi delivery na delivery pa punta sa inyo.	ang sulit libre papunta	suwit suwit delivery pa punta
169	dlv070	review	0.583	pakisabi na lang po sa rider kung saan ninyo gustong iwan ang box.	Pakasabi na nang posa rider kung saan yung iwan ang box.	pakisabi lang po sa ninyo gustong	pakasabi nang posa yung
184	dlv085	review	0.583	nakadepende po ang oras ng dating sa ruta ng mismong delivery rider.	Nakadependip o ang oras ng gating sa duta ng mismo delivery rider.	nakadepende po dating ruta mismong	nakadependip o gating duta mismo
195	dlv096	review	0.583	ang bayad po sa shipping ay depende sa laki ng mismong kahon.	Ang bayal po sa shipping ay depended sa laki na mismo kakon.	bayad depende ng mismong kahon	bayal depended na mismo kakon
245	dlv146	review	0.583	ang bayad po para sa return shipping ay sagutin na ng customer.	Pang bayay pa para sa return shipping ay saputin na ng costumer.	ang bayad po sagutin customer	pang bayay pa saputin costumer
536	num027	review	0.583	four fifty pesos po ang dagdag na singil para sa express shipping natin.	$4.50 po ang dagdag na sinyal para sa expershiping natin.	four fifty pesos singil express shipping	4 50 sinyal expershiping
601	num092	review	0.583	two thousand three hundred pesos po ang inyong kabuuang sukli ngayon.	Two-thousand-to-four-hundred pesos pa ang inyong pabu ang sukhwe ngayon.	three po kabuuang sukli	to four pa pabu ang sukhwe
628	obj019	review	0.583	patawad po kung nag aalangan kayo dahil sa mga nabasa ninyong balita.	Patawad po kung nadaanang ang real dahil sa mga nabasan yung balita.	nag aalangan kayo nabasa ninyong	nadaanang ang real nabasan yung
770	pay011	review	0.583	okay na po ang payment niyo, ipa pack na namin ang inyong order.	Bokin na po ang payment nyo, ipapaklan namin na inyong order.	namin ang okay niyo ipa pack	bokin nyo ipapaklan namin
785	pay026	review	0.583	pasensya na po, pero nag fail kasi yung credit card transaction ninyo.	Pasensyon na po, pero nad-phase kasi yung credit card transasyon nyo.	pasensya nag fail transaction ninyo	pasensyon nad phase transasyon nyo
812	pay053	review	0.583	pwede po kayong magbayad sa kahit anong branch ng bangko na malapit.	Pwede po kayo magbayad sa kahita ng branch ng bankon ng malapit.	kayong kahit anong bangko na	kayo kahita ng bankon ng
858	pay099	review	0.583	hindi na po kayo sisingilin ng aming rider dahil bayad na po ito.	Hindi na po kaisisigili na kaming rider dahil bayada po ito.	kayo sisingilin ng aming bayad na	kaisisigili na kaming bayada
860	prc001	review	0.583	naku, swerte po kayo kasi naka sale po tayo ngayon ng twenty percent!	Naku, shorty po kayo kasi nakasilo po tayo ngayon na 20%.	swerte naka sale ng twenty percent	shorty nakasilo na 20
890	prc031	review	0.583	naiintindihan ko po, kaya binigyan ko na kayo ng pinakamababang presyo.	May hindihan ko po, pre-habin hindihan ko na kayo ng pinakamababang preso.	naiintindihan kaya binigyan presyo	may hindihan pre habin hindihan preso
943	prc084	review	0.583	magkakaiba po ang presyo depende sa size at kulay na mapipili ninyo.	Magkakay mapo ang pressure, depending sa size at kulay na mapipiliin ninyo.	magkakaiba po presyo depende mapipili	magkakay mapo pressure depending mapipiliin
953	prc094	review	0.583	nakadepende po ang shipping rate natin sa bigat ng mismong package ninyo.	Nakadependip ang shipping rate natin sa billyad ng mismo package in niyo.	nakadepende po bigat mismong ninyo	nakadependip billyad mismo in niyo
977	prc118	review	0.583	hindi na po kami naniningil ng extra para sa mga simpleng alterations.	Hindi na po kami naningin na extra pa sa mga simplin iterations.	naniningil ng para simpleng alterations	naningin na pa simplin iterations
1041	prd032	review	0.583	opo, meron po tayong stock niyan kaya pwede niyo nang ma order.	Upok, whereon po tayong stack niyan tiya, pwede niya nang ma-order.	opo meron stock kaya niyo	upok whereon stack tiya niya
419	grt010	review	0.588	i am glad you called, how can we help?	I'm glad you called. Help me help.	how can we am	m me help
34	cls035	review	0.593	mangyaring itago ang inyong reference number para sa mga susunod ninyong transaksyon.	Mon niya rin ita ko ang inyong reference number pa sa mga susunod ninyong transaction.	mangyaring itago para transaksyon	mon niya rin ita ko pa transaction
37	cls038	review	0.593	paki ready na lang po ang bayad ninyo kapag dumating na ang rider.	Paki sa'y din alam po ang bayating ako kapag dumating na ang rider.	ready na lang bayad ninyo	sa y din alam bayating ako
89	cls090	review	0.593	salamat po sa masayang chikahan natin habang pino process ko ang inyong order ngayon!	Sa nakapos sa masayon, chika natin habang pinoprasess ko ang inyong order ngayon.	salamat po masayang chikahan pino process	nakapos sa masayon chika pinoprasess
334	fup025	review	0.593	paumanhin po sa istorbo, nais ko lang i verify kung natuloy ang inyong lakad.	Pamanin po sa istobok, nice ko lang iverify kung maturay ang inyong lakad.	paumanhin istorbo nais i verify natuloy	pamanin istobok nice iverify maturay
360	fup051	review	0.593	naalala ko po na naghahanap kayo ng alternative, kaya tinatawagan ko kayo ngayon.	Nalala ko po na nagkahanap iyan ng alternative. Tiyati na tawagan ko kayo ngayon.	naalala naghahanap kayo kaya tinatawagan	nalala nagkahanap iyan tiyati na tawagan
444	grt035	review	0.593	i understand your concern po. hayaan niyo at tutulungan ko kayong ma resolve ito.	I understand your concern po. Hayan nyo at utulungan ko kayong malasol dito.	hayaan niyo tutulungan ma resolve ito	hayan nyo utulungan malasol dito
457	grt048	review	0.593	pasensya na po, closed na ang aming opisina ngayon. pwede po kayong tumawag bukas.	Pasensyon na po, close na ang aming opisinong ngayon. Puwede po kayong tumawabukas.	pasensya closed opisina pwede tumawag bukas	pasensyon close opisinong puwede tumawabukas
497	grt088	review	0.593	salamat po sa paghihintay, nahanap ko na ang inyong profile sa aming system.	Salamat po sa pag-intay na hanap ko nanging yung profile sa aming system.	paghihintay nahanap na ang inyong	pag intay na hanap nanging yung
533	num024	review	0.593	nine pieces na lang po ang available stock natin para sa design na iyon.	Maying pieces na nang po ang abe, nabostak natin para sa design ngayon.	nine lang available stock na iyon	maying nang abe nabostak ngayon
732	obj123	review	0.593	maiintindihan ko kung gusto ninyo munang mag ipon bago bumili ng malaking item.	Mahindindiyan ko kung gustoin nyo mo na mag-ipon bago bumili na malaking item.	maiintindihan gusto ninyo munang ng	mahindindiyan gustoin nyo mo na na
741	obj132	review	0.593	makikita ninyo po na mas malinaw at detalyado ang pagkakagawa ng aming produkto.	Pakikita yung yun po na mas marina at italiado ang pagtakagawa ng aming produkto.	makikita ninyo malinaw detalyado pagkakagawa	pakikita yung yun marina italiado pagtakagawa
876	prc017	review	0.593	naka promo po tayo na less fifty pesos sa bawat additional na piraso.	Nahaparoma po tayo na less than 50 pesos sa bawa an additional na pilaso.	naka promo fifty bawat piraso	nahaparoma than 50 bawa an pilaso
913	prc054	review	0.593	sorry po ah, pero sagad na po ang discount na maibibigay ko diyan.	Sorry po ang, pero sa dada po ang discount na may bibigay ko jarn.	ah sagad na maibibigay diyan	ang sa dada may bibigay jarn
931	prc072	review	0.593	kapag maramihan po ang kinuha ninyo, mas bababa pa po ang unit price.	Kapag marami ang po ang tinoan nyo, mas mabag ba po ang unit price?	maramihan kinuha ninyo bababa pa	marami ang tinoan nyo mabag ba
950	prc091	review	0.593	libre na po ang pag assemble niyan, kasama na po sa binayaran niyo.	Ghibli na po ang pag-assembl niyan, kasama na po sabi niya rin nyo.	libre assemble sa binayaran niyo	ghibli assembl sabi niya rin nyo
1006	prc147	review	0.593	ilalagay ko po bilang discount yung naipon ninyong points sa inyong loyalty card.	Pizara, bago po, bidang discount yun ay punin yung points sa inyong loyalty card.	naipon ninyong ilalagay ko bilang	pizara bago bidang yun ay punin
1069	prd060	review	0.593	may on stock po tayo ngayon, pero tatlong piraso na lang ang natitira.	May onslaq po tayo na yun pero tad yung pilasan na lang ang natitira.	on stock ngayon tatlong piraso	onslaq na yun tad yung pilasan
180	dlv081	review	0.6	may dagdag pong singil ang courier kapag out of town ang inyong address.	Pag-out-of-town ang inyong address.	may dagdag pong singil ang courier kapag	pag
185	dlv086	review	0.6	sa lingo po ay walang byahe ang aming logistics partner.	Sanin ko po ay walang gaya ang aning logistics partner.	sa lingo byahe aming	sanin ko gaya aning
295	eng046	review	0.6	that item is currently on sale for nine hundred ninety pesos.	The heighten is currently on sale for 990 pesos.	that item nine hundred ninety	the heighten 990
330	fup021	review	0.6	magpapadala na lang po ako ng text message sakaling hindi ko kayo maabutang online.	Mapapadala na lang po ako ng text message sa kaning hindi ko kaya maabotan ko nain.	magpapadala sakaling kayo maabutang online	mapapadala sa kaning kaya maabotan ko nain
349	fup040	review	0.6	nais ko lang pong itanong kung na deliver na ba ng maayos ang inyong package.	Nice ko lang po itanom ko na deliver na ba na maayas ang inyong package.	nais pong itanong kung ng maayos	nice po itanom ko na maayas
355	fup046	review	0.6	pasensya na po sa istorbo, gusto ko lang i confirm kung tama ang numero ninyo.	Pasensyon na po sa Istobo, gusto ko naki-confirm kung tama ang mga ngayon nyo.	pasensya istorbo lang i numero ninyo	pasensyon istobo naki mga ngayon nyo
374	fup065	review	0.6	pasensya na po sa abala, gusto ko lang i follow up yung naiwang balanse ninyo.	Pasensyon na po sa bala, gusto ko lang i-follow up ang mayyong balansin nyo.	pasensya abala yung naiwang balanse ninyo	pasensyon bala ang mayyong balansin nyo
409	fup100	review	0.6	maraming salamat po sa pakikipag usap sa akin, hihintayin ko na lamang ang inyong desisyon.	Mami, salamat po sa pakikipagusok sa akin. Ikita'y ko na lang ang inyong decision.	maraming pakikipag usap hihintayin lamang desisyon	mami pakikipagusok ikita y lang decision
431	grt022	review	0.6	hi, thank you for calling! si grace po ito, ano pong maitutulong ko sa inyo?	Hi, Dicey for calling. Say, Grace po ito. Tanakok may da-tulong ko sa inyo?	thank you si ano pong maitutulong	dicey say tanakok may da tulong
440	grt031	review	0.6	hello and magandang umaga! divine po speaking, may kailangan po ba tayong i check?	Hello, and magandang, o Maga Divine Postity, yung umaytay lang ang po ba tayong i-check.	umaga po speaking may kailangan	o maga postity yung umaytay lang ang
607	num098	review	0.6	six am po kayo tumawag bukas para sa inyong advanced reservation.	Sisi bukayo tumag-bukas para sa inyong Advanced Reservation.	six am po kayo tumawag	sisi bukayo tumag
615	obj006	review	0.6	pasensya na po kung medyo mataas yung presyo natin ngayon.	Pasensyon na po kung medyo matas yung prasyon natin yun.	pasensya mataas presyo ngayon	pasensyon matas prasyon yun
863	prc004	review	0.6	one thousand pesos na lang po kung bibilhin niyo ngayon.	1,000 pesos na lang po kung bibili ninyo ngayon.	one thousand bibilhin niyo	1 000 bibili ninyo
19	cls020	review	0.609	bale pito po lahat ang items na ipadadala namin sa inyong bahay.	Maripita po lahat o item sa ipadadala namin sa inyong bahay.	bale pito ang items na	maripita o item sa
155	dlv056	review	0.609	pwede ko po bang makuha ang kumpletong address para sa ating delivery?	Pwede ko pang makuang pong bletong address para sa ating delivery?	po bang makuha ang kumpletong	pang makuang pong bletong
163	dlv064	review	0.609	i track niyo na lang po sa website nila gamit ang reference number.	Itlock na lang po sa website nilagang itang reference number.	i track niyo nila gamit ang	itlock nilagang itang
240	dlv141	review	0.609	isasama ko po ang mapa ng inyong bahay para hindi sila maligaw.	Sasama ko po ang mapanain ang bahay para hindi sila malidaw.	isasama mapa ng inyong maligaw	sasama mapanain ang malidaw
247	dlv148	review	0.609	please allow twenty four hours for the tracking system to fully update.	Pays about 24 hours for the trapping system to fully update.	please allow twenty four tracking	pays about 24 trapping
480	grt071	review	0.609	pakihintay po muli sa linya, binubuksan ko lamang ang inyong lumang record.	Pakayintay, pumuli sa linya, winubuksan ko lang ang inyong lumang record.	pakihintay po muli binubuksan lamang	pakayintay pumuli winubuksan lang
554	num045	review	0.609	twenty eight days lang po ang meron ang february sa ordinaryong taon.	28 days lang po ang mayroon ng February sa Ordinaryong Takon.	twenty eight meron ang taon	28 mayroon ng takon
582	num073	review	0.609	four thirty pm po darating ang delivery rider sa inyong kanto.	4.30 p.m. po darating ang delivery rider sa inyong canto.	four thirty pm kanto	4 30 p m canto
586	num077	review	0.609	six fifty pesos po ang bayad para sa standard delivery service natin.	$6.50 po ang bayan pa sa standard delivery service natin.	six fifty pesos bayad para	6 50 bayan pa
603	num094	review	0.609	ten days po ang hihintayin bago makuha ang custom item sa supplier.	10 days po ang higintayin bago makukawang custom items sa supplier.	ten hihintayin makuha ang item	10 higintayin makukawang items
619	obj010	review	0.609	pasensya na po kung nagka problema kayo sa amin noong nakaraan.	Pasensyon na po kung may ka-problema kayo sa aming nang nakaraan.	pasensya nagka amin noong	pasensyon may ka aming nang
772	pay013	review	0.609	pwede rin po tayong cash on delivery kung iyon ang mas madali.	Pwede binpo tayong cash on delivery kung yun nang mas medalay.	rin po iyon ang madali	binpo yun nang medalay
813	pay054	review	0.609	you can pay the rider directly with cash once your package arrives.	You can buy the rider directly with Dashponsure package or rags.	pay cash once your arrives	buy dashponsure or rags
814	pay055	review	0.609	hihintayin po namin ang inyong resibo bago namin ipadala ang inyong parcel.	Hikintayin po namin ang inyong recebo baka namin ipadalang inyong parcel.	hihintayin resibo bago ipadala ang	hikintayin recebo baka ipadalang
922	prc063	review	0.609	that will be four hundred pesos per square meter, including labor.	That will be 400 pesos per square meter in footing the board.	four hundred including labor	400 in footing the board
1022	prd013	review	0.609	naku po, ubos na ubos na po talaga yung best seller natin.	Nakupuk, kubus na, kubus na po, talaga rin best seller natin.	naku po ubos yung	nakupuk kubus kubus rin
1053	prd044	review	0.609	wag po kayong mag alala, magkakaroon po ulit tayo niyan bukas ng hapon.	Mabukay magalala, magkakaran po ulit tayo niyan bukas ng hapon.	wag po kayong mag alala magkakaroon	mabukay magalala magkakaran
1058	prd049	review	0.609	mas malaki po ng kaunti yung bagong model kumpara sa luma.	Mas malaki po nang conti ang bagong model kung pa sa luma.	ng kaunti yung kumpara	nang conti ang kung pa
1076	prd067	review	0.609	gusto niyo po bang subukan yung ibang variant na available sa atin?	Usuyo po bang subukon yun ibang variant na available sa aptin?	gusto niyo subukan yung atin	usuyo subukon yun aptin
1097	prd088	review	0.609	may kasama na po itong freebie kapag binili niyo ang buong set.	Baitasama na po itang freebie kapag beli niya ang buong set.	may kasama itong binili niyo	baitasama itang beli niya
105	dlv006	review	0.615	naku, pasensya na po at nagka aberya sa sorting center kaninang madaling araw.	Nako, pasensyan na po at nag-aaberya sa sorting center kanina madaling araw.	naku pasensya nagka aberya kaninang	nako pasensyan nag aaberya kanina
198	dlv099	review	0.615	kailangan po ng pirma ninyo bago ibigay ng rider ang inyong item.	Pili jaman po ng film rin nyo bako ibigay ng rider ang inyong item.	kailangan pirma ninyo bago	pili jaman film rin nyo bako
225	dlv126	review	0.615	wala po tayong magagawa sa delay kung ang problema ay sa courier mismong.	Wala puta yung magagawa sa dili kung ang problema ay sa queer mismo.	po tayong delay courier mismong	puta yung dili queer mismo
345	fup036	review	0.615	tumatawag po ako para kamustahin kung kumusta ang naging takbo ng inyong negosyo.	Tumatawap ako para kumusta heng, kung kumusta ang medging takbo na inyong negosyo.	tumatawag po kamustahin naging ng	tumatawap kumusta heng medging na
443	grt034	review	0.615	sige po, nakuha ko na ang details. wag kayong mag alala, aayusin natin iyan.	Sige po, nakawakon ang details. Pag kayong mag-alala, ayusin natin yan.	nakuha ko na wag aayusin iyan	nakawakon pag ayusin yan
500	grt091	review	0.615	i note ko lang po ang sinabi niyo para malinaw sa ating delivery rider.	In note po ang sinabi nyo para malinao sa ating delivery waiter.	ko lang i niyo malinaw rider	in nyo malinao waiter
681	obj072	review	0.615	huwag kayong mag alala, tutulungan ko kayong makatipid nang hindi isinasakripisyo ang kalidad.	Kung kayong mag-alala, tutulungan ko kayong makaktipay ng hindi sininasak pipisyong kalidad.	huwag makatipid nang isinasakripisyo ang	kung makaktipay ng sininasak pipisyong
743	obj134	review	0.615	hayaan niyo po, gagawin ko ang lahat para maging sulit ang ibabayad niyo.	Hayang nyo po, gagawin ko ang lahat para maging surit ang ibabayan nyo.	hayaan niyo sulit ibabayad	hayang nyo surit ibabayan nyo
750	obj141	review	0.615	mas nakabubuti nga po na sigurado kayo bago kayo maglabas ng inyong pera.	Basta ka bubuti na po nasiglado kayo bago kayo maglabas ng inyong pera.	mas nakabubuti nga na sigurado	basta ka bubuti na nasiglado
806	pay047	review	0.615	tumatanggap po kami ng cash on delivery para sa mga order na ganito.	Tamatanggap mo kami ng cash on delivery pa sa ngang order na danyito.	tumatanggap po para mga ganito	tamatanggap mo pa ngang danyito
976	prc117	review	0.615	pwede po nating alisin yung add ons kung gusto niyo makatipid nang kaunti.	Pwede pa nating alising yung add-ons kung gusto yung makatipid ng comte.	po alisin niyo nang kaunti	pa alising yung ng comte
1070	prd061	review	0.615	iche check ko lang saglit kung dumating na yung delivery mula sa supplier.	Nito chat ko lang sa glit kung dumating nai-delivery mula sa supplier.	iche check saglit na yung	nito chat sa glit nai
1101	prd092	review	0.615	magkaiba po ang material na ginamit dito kaya mas mahal siya nang kaunti.	Ota, iba po ang material na ginamit dito, kaya mas mahasyon ng tohonte.	magkaiba mahal siya nang kaunti	ota iba mahasyon ng tohonte
82	cls083	review	0.621	sige po, i pack na namin ito agad agad para mabilis pong dumating sa inyo!	Sige po, pipa na namin ito aga daliyan para mabilis pung damating sa inyo.	i pack agad pong dumating	pipa aga daliyan pung damating
342	fup033	review	0.621	mayroon po ba kayong maibibigay na kakilala na pwede naming tawagan para sa promo?	Mayroon po ba kayo mabibigay na kakilala na pwede namin tawaban para sa Pro, hong?	kayong maibibigay naming tawagan promo	kayo mabibigay namin tawaban pro hong
408	fup099	review	0.621	makakaasa po kayong hihintayin ko ang inyong pagtawag kahit abutin pa tayo ng gabi.	Makakasap ko kayong hintayin ko kong hindi ang pagtawag kahit abutin pa tayo ng day.	inyong makakaasa po hihintayin gabi	makakasap ko hintayin kong hindi day
433	grt024	review	0.621	good afternoon po! si joy ito, paano ko masisigurong maayos ang order niyo ngayon?	Pudak tundun po, si Joy ito, paan ko kasi sigurong maayos ang order nyo ngayon.	good afternoon paano masisigurong niyo	pudak tundun paan kasi sigurong nyo
442	grt033	review	0.621	magandang hapon! thank you for choosing our store, bea po ito. ano pong sa atin?	Bagandang hapon, thank you for choosing our store. Bepo'y to, panapos sa atin.	magandang bea po ito ano pong	bagandang bepo y to panapos
746	obj137	review	0.621	wag niyo na pong isipin yung bad experience niyo, iba po kami mag alaga.	Pong di mo po, isipin yung bad experience yung, di ba po kami mag-alaga?	wag niyo na iba	di mo po yung di ba
465	grt056	review	0.625	hello, salamat sa pag contact sa amin! si hannah po ito, paano ko kayo maa assist?	Hello, salamat sa pagkontak sa amin. Siya na po ito, paano ko ka yung mga assist?	pag contact si hannah kayo maa	pagkontak siya na ka yung mga
581	num072	review	0.632	one thousand eight hundred pesos po ang sisingilin sa inyo total.	P1,800 po ang sisingilin sa inyo total.	one thousand eight hundred pesos	p1 800
643	obj034	review	0.632	kung gusto niyo po, itago ko muna yung item hanggang bukas.	Punggustiyo po, itabukong muna yung item hanggang bukas.	kung gusto niyo itago ko	punggustiyo itabukong
1010	prd001	review	0.632	pasensya na po, naubos na po kasi yung item kahapon.	Pasensyon na po, naubusa po kasi yung item kahapun.	pasensya naubos na kahapon	pasensyon naubusa kahapun
9	cls010	review	0.636	makakaasa po kayong maipapadala agad namin ito bukas na bukas din.	Makakasap ko kayong may papadalaga namin ito bukas na bukas din.	makakaasa po maipapadala agad	makakasap ko may papadalaga
38	cls039	review	0.636	your purchase is now completely logged sa aming main inventory tracking system.	Your purchase is now completed outside our inventory tracking system.	completely logged sa aming main	completed outside our
158	dlv059	review	0.636	kadalasan po ay inaabot ng tatlong araw bago makarating sa inyo.	Tadarasan po ay inaabog ng 3 araw babang makarating sa inyo.	kadalasan inaabot tatlong bago	tadarasan inaabog 3 babang
276	eng027	review	0.636	the standard shipping fee is one hundred pesos within metro manila.	The standard shipping fee is 100 pesos within matte from Anilla.	one hundred metro manila	100 matte from anilla
516	num007	review	0.636	three fifty po bawat piraso ang sisingilin namin para sa item na iyan.	$350 ang sisingin namin para sa item na iyan.	three fifty po bawat piraso sisingilin	350 sisingin
550	num041	review	0.636	order reference number five hundred eight po ang ilagay ninyo sa form.	Order reference number 508 po ang ilagayin niyo sa form.	five hundred eight ilagay ninyo	508 ilagayin niyo
551	num042	review	0.636	three thousand fifty pesos po ang sisingilin ng rider sa inyong pinto.	$3,050 po ang sisigin ng rider sa inyong pinto.	three thousand fifty pesos sisingilin	3 050 sisigin
760	pay001	review	0.636	great news, pumasok na po ang inyong bayad sa aming system!	With news, pumasok ka po akong inyong bay sa aming system.	great na ang bayad	with ka akong bay
769	pay010	review	0.636	mabuti naman po at umokey na yung transfer niyo sa wakas!	Pabuti naman po at tamukin ay ang transfer niyo sa wakas.	mabuti umokey na yung	pabuti tamukin ay ang
885	prc026	review	0.636	wag po kayong mag alala, wala pong hidden charges yung breakdown natin.	Upukoy mag-ala, wala pang hidden charges yung breakdown natin.	wag po kayong alala pong	upukoy ala pang
915	prc056	review	0.636	ang regular price po ng item na iyan ay eight hundred pesos.	Ang regular price po na itin dyan ay 800 pesos.	ng item iyan eight hundred	itin dyan 800
921	prc062	review	0.636	sa computation po natin, nagkakahalaga ito ng seven thousand lahat lahat.	Sa commutation po natin, nagkakahanagay ito ng 7,000 lahat-lahat.	computation nagkakahalaga seven thousand	commutation nagkakahanagay 7 000
923	prc064	review	0.636	wala pa pong kasamang delivery fee yung kinowt ko na presyo.	Wala pa pang kasamang delivery fee ang kinout ko na preso.	pong yung kinowt presyo	pang ang kinout preso
965	prc106	review	0.636	magiging doble po ang babayaran niyo kung dalawang set ang kukunin.	Mabiging double po ang babayanan niyo kung dalawang set ang pukunin.	magiging doble babayaran kukunin	mabiging double babayanan pukunin
1015	prd006	review	0.636	pasensya na ha, huling piraso na pala yung nabenta kaninang umaga.	Pasensya na ha, guling pilaso na pala yung nabenda kaninyang umaga.	huling piraso nabenta kaninang	guling pilaso nabenda kaninyang
13	cls014	review	0.64	i confirm ko lang po ang inyong address, ito ay sa quezon city.	Ikonfirm ko ng po ang inyong kades, ito ay sa Kesson City.	i confirm lang address quezon	ikonfirm ng kades kesson
59	cls060	review	0.64	salamat po sa masiglang kwentuhan, aasikasuhin ko na po ang inyong package!	Salamat po sa masigdang kwentuhan. Asigas mo yung gano po ang inyong package.	masiglang aasikasuhin ko na	masigdang asigas mo yung gano
72	cls073	review	0.64	done na po tayo, maraming salamat at have a very nice day po!	Diyon nabuk tayo. Barami, salamat, and have a very nice day po.	done na po maraming at	diyon nabuk barami and
97	cls098	review	0.64	maraming salamat po sa napakalaking order ninyo, ipapasa ko na po sa warehouse!	Marami salamat po sa napakalaki order nyo. Pupasaka na po sa warehouse.	maraming napakalaking ninyo ipapasa ko	marami napakalaki nyo pupasaka
103	dlv004	review	0.64	paumanhin po kung hindi agad na update ang tracking system ng ating courier.	Pagmanhin po kong hindi adad-update ang tracking system ng ating prayer.	paumanhin kung agad na courier	pagmanhin kong adad prayer
187	dlv088	review	0.64	paki check po ang inyong email para sa kumpirmasyon ng inyong tracking number.	Pakachet po ang inyong email pa sa comparmasyon na inyong tracking number.	paki check para kumpirmasyon ng	pakachet pa comparmasyon na
232	dlv133	review	0.64	babalik po ang rider kapag hindi niya kayo na contact kaninang umaga.	Baabalik po ang rider kapag hindi niya kayo na kontak kanin ang mada.	babalik contact kaninang umaga	baabalik kontak kanin ang mada
234	dlv135	review	0.64	ang pinakamalapit po na branch sa inyo ay nasa kabilang kanto lang.	Ang pinakamalaapit po na branch ay inyo ay nasa kabay ng kanta lang.	pinakamalapit sa kabilang kanto	pinakamalaapit ay kabay ng kanta
363	fup054	review	0.64	tumatawag ako para i update kayo na dumating na ang inaabangan ninyong kulay.	Temataw ako para i-update kayo na dumating nani naaban yung kulay.	tumatawag na ang inaabangan ninyong	temataw nani naaban yung
430	grt021	review	0.64	magandang umaga po! ako po si anna, paano ko kayo matutulungan ngayon?	Magandang umaga po, ako po sa Ana. Paano ko kayo matutulungo ane yan?	si anna matutulungan ngayon	sa ana matutulungo ane yan
627	obj018	review	0.64	sorry po, naiintindihan ko kung gusto niyo muna maghanap ng mas mura.	Sorry po, na intingdihan ko kung busyong yung muna maghanap ng mas mula.	naiintindihan gusto niyo mura	na intingdihan busyong yung mula
647	obj038	review	0.64	maaari po kayong bumisita sa aming tindahan upang makita ninyo nang personal.	Makari po kayong bumisita sa aming tindahan at makita'y nyo ng personal.	maaari upang ninyo nang	makari at y nyo ng
689	obj080	review	0.64	wag niyo na po masyadong isipin yung presyo, maganda po talaga yung item.	Waw nila po masyadong isiping yung presyo. Maggadap po talaga yung item.	wag niyo na isipin maganda	waw nila isiping maggadap
778	pay019	review	0.64	yes, tatanggapin po namin ang buong bayad pagdating ng rider sa inyo.	Yes, tatangay na pinpun namin ng buong bayay pagdating ng rider sa inyo.	tatanggapin po ang bayad	tatangay na pinpun ng bayay
801	pay042	review	0.64	please send a copy of the deposit slip to our email address.	The send of a pair of the deposits led to our email address.	please copy deposit slip	the of pair deposits led
825	pay066	review	0.64	nakadepende po sa bangko ninyo kung may karagdagang charge ang pag send.	Takadependay po sa bangko ninyo kung may carod dead on charge ang pagsend.	nakadepende karagdagang pag send	takadependay carod dead on pagsend
868	prc009	review	0.64	yes po! magiging six hundred na lang po siya dahil sa promo code.	Yes po, madihin 600 na lang po sya dahil sa promo call.	magiging six hundred siya code	madihin 600 sya call
907	prc048	review	0.64	paumanhin po, hindi po namin kaya tapatan ang presyo ng kabilang tindahan.	Pag umamhing po, hindi po namin kaya tapatan ng presya ng kabilan tindahan.	ang presyo paumanhin kabilang	pag umamhing presya ng kabilan
908	prc049	review	0.64	sorry po talaga, tumaas na po kasi ang singil sa amin ng supplier.	Sorry po talaga, tumas tapo kasi nansin nyo sa amin ng supplier.	tumaas na po ang singil	tumas tapo nansin nyo
935	prc076	review	0.64	babasahin ko po ang itemized breakdown para malinaw sa atin ang computation.	Pabasahing ko po ang item ay breakdown para malingno sa atin ng computation.	babasahin itemized malinaw ang	pabasahing item ay malingno ng
983	prc124	review	0.64	pag lumampas po kayo sa oras, may panibagong charge na po tayo.	Pag-wag ng paspo kayo sa oras, may panibabong charge siya po tayo.	lumampas po panibagong na	wag ng paspo panibabong siya
1016	prd007	review	0.64	sorry po, pero next week pa po ang dating ng bagong stocks.	Sorry po, better next week pa po on the thing na bagong stocks.	pero ang dating ng	better on the thing na
69	cls070	review	0.643	na process na po natin nang maayos, salamat po sa inyong tiwala at suporta!	Na-process tapo natin ang makayos. Salamat po sa inyong tiwala at support pack.	na po nang maayos suporta	tapo ang makayos support pack
383	fup074	review	0.643	nais ko lang pong ipaalala na may naghihintay na promo para sa mga susuking suki.	Nais ko lang pukipalala na may nagigintay na promo pa sa mga susupinsukay.	pong ipaalala naghihintay para susuking suki	pukipalala nagigintay pa susupinsukay
438	grt029	review	0.643	salamat po sa inyong pagtawag. ako po si faith, paano ko kayo masisilbihan?	Salama po sa inyong pagtabog. Ako po si Faith. Paano ko ko ang masisid bihan?	salamat pagtawag kayo masisilbihan	salama pagtabog ko ang masisid bihan
518	num009	review	0.643	twelve pieces po ang laman ng isang box na ipapadala namin sa inyo.	Pero at business po ang laman ng isang ba sa ipaparo na namin sa inyo.	ipapadala twelve pieces box	pero at business ba sa ipaparo
655	obj046	review	0.643	pwede niyo po i check ang aming shopee store para sa mas maraming reviews.	Pwede niya po'y chat ang aming shopping store para sa mas marani reviews.	niyo i check shopee maraming	niya y chat shopping marani
701	obj092	review	0.643	i aassure ko po sa inyo na worth it bawat piso na ilalabas ninyo.	Di-assure ko po sa inyo na worth it bawat Liza na ilalabastin nyo.	i aassure piso ilalabas ninyo	di assure liza ilalabastin nyo
716	obj107	review	0.643	wag po kayong mag alala kung medyo pricey, mas tatagal naman po ito sa inyo.	Kung pukay mong dalalakong medyo pricey, mas takadal naman po ito sa inyo.	wag po kayong mag alala tatagal	pukay mong dalalakong takadal
719	obj110	review	0.643	naiintindihan ko po na mahalaga sa inyo ang quality, kaya ito ang pini present ko.	Naintindihan ko po na mahalaga sa inyong quality, kaya ito ang pinipresent po.	naiintindihan inyo ang pini present ko	naintindihan inyong pinipresent po
792	pay033	review	0.643	hayaan niyo po at iche check ko ulit sa finance department ang inyong bayad.	Hayahan nyo po at ichi-check ko alit sa finance department ng inyong bayad.	hayaan niyo iche ulit ang	hayahan nyo ichi alit ng
837	pay078	review	0.643	i forward ko lang po sa accounting ang inyong resibo para ma verify nila.	I-Forward po lang po sa account, tingin ang inyong recebo para maverify nila.	ko accounting resibo ma verify	po account tingin recebo maverify
14	cls015	review	0.667	paki check po ang inyong telepono mamaya para sa official text ng courier.	Baki-check po in yung telepon ng mamaya para sa official text ng courier.	paki ang inyong telepono	baki in yung telepon ng
15	cls016	review	0.667	your final total is exactly one thousand two hundred fifty pesos today.	Your final total is exactly 1,250 pesos today.	one thousand two hundred fifty	1 250
17	cls018	review	0.667	ipapasok ko na po ang mga detalye ninyo sa aming system ngayon.	Ipapasok ko na po ang mga detalin nyo sa aming sistem niyan.	detalye ninyo system ngayon	detalin nyo sistem niyan
25	cls026	review	0.667	nakuha ko na po ang lahat ng kailangan kong impormasyon mula sa inyo.	Nakawakuna po ang lahat ng kailangan ko informasyon, mula sa inyo.	nakuha ko na kong impormasyon	nakawakuna ko informasyon
39	cls040	review	0.667	titignan po ng aming supervisor ang inyong form bago nila ito pirmahan.	Pitingan po nang aming supervisor ang inyong forum bago nila ito piramahan.	titignan ng form pirmahan	pitingan nang forum piramahan
57	cls058	review	0.667	sige po, ibababa ko na ang linya, enjoy the rest of your day!	Sige po, di ba babako na alin ya. Enjoy the rest of your day.	ibababa ko ang linya	di ba babako alin ya
100	dlv001	review	0.667	pasensya na po, medyo na delay ang rider natin dahil sa malakas na ulan.	Masanang siya na po, may diyan na diday ang rider natin daw sa malakas na ulan.	pasensya medyo delay dahil	masanang siya may diyan diday daw
106	dlv007	review	0.667	sorry po, hindi kasi nahanap ng rider yung mismong address ninyo kanina.	Sorry po, hindi ta sinanghanap ng rider yung mismong address yung opanina.	kasi nahanap ninyo kanina	ta sinanghanap yung opanina
122	dlv023	review	0.667	i a update ko po kayo palagi kung nasaan na ang inyong order.	Ia-update ko po kayo palaji kung nasa na inyong order.	ang i a palagi nasaan	ia palaji nasa
128	dlv029	review	0.667	nandito lang po kami para asikasuhin ang inyong delivery kung may aberya.	Nandito lang po kami para asi kasunin ang inyong delivery kumay Aberia.	asikasuhin kung may aberya	asi kasunin kumay aberia
238	dlv139	review	0.667	magpapabigay na lang po ako ng instructions sa rider kung paano makapasok.	Mabapabigay na nang bu ako ng instructions sa rider kung paano makapaso.	magpapabigay lang po makapasok	mabapabigay nang bu makapaso
255	eng006	review	0.667	we expect a new shipment to arrive by monday morning.	We expect and you should be to arrive by Monday morning.	a new shipment	and you should be
354	fup045	review	0.667	tumawag po ako para ipaalala na mag eexpire na ang inyong discount voucher bukas.	Kamaw po ako para ipalala na mag-expern ng inyong discount voucher bukas.	tumawag ipaalala eexpire na ang	kamaw ipalala expern ng
365	fup056	review	0.667	gusto ko lang po kamustahin kung nasubukan niyo na ang bagong produktong ipinadala namin.	Gusto ko lang pukumustayin kung masubukay niya na ang bagong produkto ipinadala namin.	po kamustahin nasubukan niyo produktong	pukumustayin masubukay niya produkto
417	grt008	review	0.667	good day! what can i assist you with right now?	Good day, what you nasty stupid right now.	can i assist with	nasty stupid
437	grt028	review	0.667	magandang hapon po sa inyo. ano po ang maaari kong maipaglingkod ngayong araw?	Magandang hapon po sa inyo. Ano po ang maali ko may paglingod niyang araw?	maaari kong maipaglingkod ngayong	maali ko may paglingod niyang
464	grt055	review	0.667	magandang umaga po! ako si nicole, may maitutulong ba ako sa mga inquiries niyo?	Madagumada po, ako sinitul. May mga itutulong ba ako sa mga inquiries niyo?	magandang umaga si nicole maitutulong	madagumada sinitul mga itutulong
467	grt058	review	0.667	good day! welcome po sa customer support natin. ako si marie, anong kailangan nila?	Today, welcome po sa customer support natin. Pako si Mary, ano kailangan nila?	good day ako marie anong	today pako mary ano
574	num065	review	0.667	november twenty five po ang napag usapang araw ng ating pagpapadala ng items.	November 25 po ang napagusapang araw ng ating pangpapandanan ng items.	twenty five napag usapang pagpapadala	25 napagusapang pangpapandanan
578	num069	review	0.667	sixteen pieces po ang natitira sa aming kulay white na t shirt.	16 pieces po ang natigila sa aming kuley white at t-shirt.	sixteen natitira kulay na	16 natigila kuley at
608	num099	review	0.667	seven boxes po ng red at blue items ang naihatid sa amin.	Seven boxes po na red and blue items ang naihati sa anin.	ng at naihatid amin	na and naihati anin
674	obj065	review	0.667	garantisado pong maganda ang quality niyan kaya hindi kayo magsisisi sa huli.	Tantisada pang maganda ang kualiti niyan, kaya hindi kayo magsisisi sa hula.	garantisado pong quality huli	tantisada pang kualiti hula
722	obj113	review	0.667	okay lang po na mag duda kayo, pero ipapakita ko na legit kami.	Okay nang po na maglinda kayo, pero ipapakita ko naligit kami.	lang mag duda na legit	nang maglinda naligit
782	pay023	review	0.667	ayan, successful na po ang inyong gcash transfer, salamat po nang marami!	Pa'yan, sasas ko na po ang inyong G-Trust Transfer. Salamat po nang marami!	ayan successful gcash	pa yan sasas ko g trust
803	pay044	review	0.667	paki send na lang po yung screenshot ng inyong gcash transaction sa messenger.	Atisendan ang po yung screenshot ng inyong G-Transaction sa Messenger.	paki send na lang gcash	atisendan ang g
822	pay063	review	0.667	ipapadala ko po sa text ang bank details para hindi kayo malito.	Dipapadan ako po sa text ang bank details para hindi tima dito.	ipapadala ko kayo malito	dipapadan ako tima dito
842	pay083	review	0.667	hindi po kami tumatanggap ng tseke, cash o kaya online transfer lamang.	Hindi po kami tumatangdiap ng cheque. Cash ko kaya online, transfer lang.	tumatanggap tseke o lamang	tumatangdiap cheque ko lang
880	prc021	review	0.667	bongga po ang discount niyo rito dahil suki na po kayo.	Bunga po ang niscondio dito dahil suki na po kayo.	bongga discount niyo rito	bunga niscondio dito
884	prc025	review	0.667	grab the chance now because this offer is truly our biggest yet.	Now the chance now because this offer is fully arbitrated just yet.	grab truly our biggest	now fully arbitrated just
892	prc033	review	0.667	sigurado po kayong hindi kayo luge sa binayaran niyo para sa item na ito.	Sigurada po kayong hindi ilubes sa binayaran nyo pa sa item na ito.	sigurado kayo luge niyo para	sigurada ilubes nyo pa
895	prc036	review	0.667	makakaasa po kayo na ito na po ang final at totoong presyo.	Makakaasabong kayo na ito na po ang final at ito ang pressure.	makakaasa po totoong presyo	makakaasabong ito ang pressure
916	prc057	review	0.667	the total amount due is three thousand five hundred pesos.	The total amount due is 3,500 pesos.	three thousand five hundred	3 500
920	prc061	review	0.667	may dagdag po na fifty pesos para sa ating special packaging.	Paidag-dag po na $50 para sa ating special packaging.	may dagdag fifty pesos	paidag dag 50
933	prc074	review	0.667	for purchases above five thousand, we automatically waive the delivery fee entirely.	For purchases about $5,000, you automatically waive the delivery fee entirely.	above five thousand we	about 5 000 you
952	prc093	review	0.667	ang hinihingi lang po namin ngayon ay yung kalahati para umpisahan ang trabaho.	Ang hinisiniyampo namin yun ay yung kalahati para umtisahan ang trabaho.	hinihingi lang po ngayon umpisahan	hinisiniyampo yun umtisahan
955	prc096	review	0.667	idadagdag ko na lang po ba yung bubble wrap na bente pesos?	Idadal dago na nang po ba yung bubble wrap na Bendy Pesos.	idadagdag ko lang bente	idadal dago nang bendy
1000	prc141	review	0.667	isasama ko na po sa invoice yung hiningi ninyong libreng paper bag.	Sesama ko na po sa invoice yun hininingin yung Libang Paper Bag.	isasama hiningi ninyong libreng	sesama yun hininingin libang
1040	prd031	review	0.667	tamang tama po, naka sale din po yung item na napili ninyo ngayon.	Tamang-tama po, nakasiling po yung item na napiling yung ngayon.	naka sale din napili ninyo	nakasiling napiling yung
1080	prd071	review	0.667	hanggang limang piraso lang po ang pwede nating bilhin per customer.	Anggang $5 lang po ang pwede nating billing per customer.	hanggang limang piraso bilhin	anggang 5 billing
1094	prd085	review	0.667	pagkatapos po nito maubos, phase out na po ang buong product line.	Padatapos po nito maobos, face out na po ang boom product line.	pagkatapos maubos phase buong	padatapos maobos face boom
